Grupo|Entente|TipoBloco|Message|TipoMsg
p-conta-banking|pergunta-inicial-bnk|Carrosel Vertical||message
p-conta-banking|pergunta-inicial-bnk|Carrosel Vertical|Câmbio|title
p-conta-banking|pergunta-inicial-bnk|Carrosel Vertical|Cartão Avenue|title
p-conta-banking|pergunta-inicial-bnk|Carrosel Vertical|Transferências|title
p-conta-banking|pergunta-inicial-bnk|Carrosel Vertical|Perda, roubo ou furto|title
p-conta-banking|pergunta-inicial-bnk|Carrosel Vertical|Voltar|title
p-conta-banking|pergunta-inicial-bnk|Carrosel Vertical|Outros|title
p-conta-banking|txt-mensagem1|Lógica|Câmbio|title
p-conta-banking|txt-mensagem1|Lógica|Cartão Avenue|title
p-conta-banking|txt-mensagem1|Lógica|Transferências|title
p-conta-banking|txt-mensagem1|Lógica|Perda, roubo ou furto|title
p-conta-banking|txt-mensagem1|Lógica||title
p-conta-banking|pergunta-inicial-bnk-copy-1|Carrosel Vertical||message
p-conta-banking|pergunta-inicial-bnk-copy-1|Carrosel Vertical|Câmbio|title
p-conta-banking|pergunta-inicial-bnk-copy-1|Carrosel Vertical|Cartão Avenue|title
p-conta-banking|pergunta-inicial-bnk-copy-1|Carrosel Vertical|Transferências|title
p-conta-banking|pergunta-inicial-bnk-copy-1|Carrosel Vertical|Perda, roubo ou furto|title
p-conta-banking|pergunta-inicial-bnk-copy-1|Carrosel Vertical|Voltar|title
p-conta-banking|pergunta-inicial-bnk-copy-1|Carrosel Vertical|Outros|title
p-conta-banking|mensagem-copy-2|Lógica||title
p-conta-banking|mensagem-copy-2|Lógica||title
p-conta-banking|mensagem-copy-2|Lógica||title
p-conta-banking|perguntas-crt-avenue|Carrosel Vertical||message
p-conta-banking|perguntas-crt-avenue|Carrosel Vertical|Custos|title
p-conta-banking|perguntas-crt-avenue|Carrosel Vertical|Limites|title
p-conta-banking|perguntas-crt-avenue|Carrosel Vertical|Aviso viagem|title
p-conta-banking|perguntas-crt-avenue|Carrosel Vertical|Conversão para Euro|title
p-conta-banking|perguntas-crt-avenue|Carrosel Vertical|Status de transações|title
p-conta-banking|perguntas-crt-avenue|Carrosel Vertical|Cartão para dependentes|title
p-conta-banking|perguntas-crt-avenue|Carrosel Vertical|Emissão do cartão físico|title
p-conta-banking|perguntas-crt-avenue|Carrosel Vertical|Voltar|title
p-conta-banking|perguntas-crt-avenue|Carrosel Vertical|Outros|title
p-conta-banking|txt-cartao-avenue|Lógica|Custos|title
p-conta-banking|txt-cartao-avenue|Lógica|Limites|title
p-conta-banking|txt-cartao-avenue|Lógica|Aviso viagem|title
p-conta-banking|txt-cartao-avenue|Lógica|Conversão para Euro|title
p-conta-banking|txt-cartao-avenue|Lógica|Status de transações|title
p-conta-banking|txt-cartao-avenue|Lógica|Cartão para dependentes|title
p-conta-banking|txt-cartao-avenue|Lógica|Emissão do cartão físico|title
p-conta-banking|txt-cartao-avenue|Lógica||title
p-conta-banking|perguntas-custos|Carrosel Vertical||message
p-conta-banking|perguntas-custos|Carrosel Vertical|Transações|title
p-conta-banking|perguntas-custos|Carrosel Vertical|Saques|title
p-conta-banking|perguntas-custos|Carrosel Vertical|Voltar|title
p-conta-banking|perguntas-custos|Carrosel Vertical|Outros|title
p-conta-banking|txt-perguntas-custos|Lógica|Saída|title
p-conta-banking|txt-perguntas-custos|Lógica||title
p-conta-banking|perguntas-transacoes|Carrosel Vertical||message
p-conta-banking|perguntas-transacoes|Carrosel Vertical|Transação recusada|title
p-conta-banking|perguntas-transacoes|Carrosel Vertical|Transação processando|title
p-conta-banking|perguntas-transacoes|Carrosel Vertical|Transação cancelada|title
p-conta-banking|perguntas-transacoes|Carrosel Vertical|Transação não reconhecida|title
p-conta-banking|perguntas-transacoes|Carrosel Vertical|Estorno|title
p-conta-banking|perguntas-transacoes|Carrosel Vertical|Voltar|title
p-conta-banking|perguntas-transacoes|Carrosel Vertical|Outros|title
p-conta-banking|txt-transacoes|Lógica|Saída|title
p-conta-banking|txt-transacoes|Lógica||title
p-conta-banking|perguntas-transf|Carrosel Vertical||message
p-conta-banking|perguntas-transf|Carrosel Vertical|ACH|title
p-conta-banking|perguntas-transf|Carrosel Vertical|Transferências P2P|title
p-conta-banking|perguntas-transf|Carrosel Vertical|Investimentos => Banking|title
p-conta-banking|perguntas-transf|Carrosel Vertical|Voltar|title
p-conta-banking|perguntas-transf|Carrosel Vertical|Outros|title
p-conta-banking|txt-transf|Lógica|ACH|title
p-conta-banking|txt-transf|Lógica|Transferências P2P|title
p-conta-banking|txt-transf|Lógica|Investimentos => Banking|title
p-conta-banking|txt-transf|Lógica||title
p-conta-banking|pergunta-ach|Carrosel Vertical||message
p-conta-banking|pergunta-ach|Carrosel Vertical|Pagar em dólares|title
p-conta-banking|pergunta-ach|Carrosel Vertical|Receber em dólares|title
p-conta-banking|pergunta-ach|Carrosel Vertical|Transferir dólares|title
p-conta-banking|pergunta-ach|Carrosel Vertical|Voltar|title
p-conta-banking|pergunta-ach|Carrosel Vertical|Outros|title
p-conta-banking|txt-ach|Lógica|Saída|title
p-conta-banking|txt-ach|Lógica||title
p-conta-banking|pergunta-roubo-furto|Carrosel Vertical|Você teve o cartão ou celular roubado, furtado ou perdido? Se sim, selecione uma das opções abaixo:|message
p-conta-banking|pergunta-roubo-furto|Carrosel Vertical|Cartão|title
p-conta-banking|pergunta-roubo-furto|Carrosel Vertical|Celular|title
p-conta-banking|pergunta-roubo-furto|Carrosel Vertical|Contestar compras|title
p-conta-banking|pergunta-roubo-furto|Carrosel Vertical|Voltar|title
p-conta-banking|pergunta-roubo-furto|Carrosel Vertical|Outros|title
p-conta-banking|txt-perda-roubo|Lógica|Saída|title
p-conta-banking|txt-perda-roubo|Lógica||title
p-conta-banking|enviaroutros|Lógica|Saída|title
p-conta-banking|enviaroutros-copy-3|Lógica|Saída|title
p-conta-banking|enviaroutros-copy-4|Lógica|Saída|title
p-conta-banking|enviaroutros-copy-5|Lógica|Saída|title
p-conta-banking|enviaroutros-copy-6|Lógica|Saída|title
p-conta-banking|enviaroutros-copy-7|Lógica|Saída|title
p-conta-banking|enviaroutros-copy-8|Lógica|Saída|title
login|begin-transc|Lógica|Pegar dados|title
login|begin-transc|Lógica|Saída ok|title
login|begin-transc|Lógica|N-OK|title
login|nome|Pergunta||message
login|nome|Pergunta|Saída|title
login|nome|Pergunta|Outros|title
login|email|Pergunta||message
login|email|Pergunta|Saída|title
login|email|Pergunta|Outros|title
login|busca-hash|Lógica|Não Logado|title
login|busca-hash|Lógica|Logado|title
login|busca-hash|Lógica|Erro|title
login|msg-sessao|Mensagem||message
login|msg-sessao|Mensagem|Saída|title
login|erro-n8n|Mensagem|Vamos tentar pegar manualmente suas informações...|message
login|erro-n8n|Mensagem|Saída|title
login|outros-1|Lógica|busca-hash|title
login|outros-1|Lógica|time|title
login|outros-1|Lógica|end|title
login|outros-1|Lógica|outros|title
login|outros-2|Lógica|busca-hash|title
login|outros-2|Lógica|time|title
login|outros-2|Lógica|end|title
login|outros-2|Lógica|outros|title
login|outros-3|Lógica|busca-hash|title
login|outros-3|Lógica|time|title
login|outros-3|Lógica|end|title
login|outros-3|Lógica|outros|title
login|inicia-timer-api|Lógica|OK|title
login|falta-dado|Mensagem||message
login|falta-dado|Mensagem|Saída|title
login|tratamento-nome|Lógica|busca-hash|title
login|tratamento-nome|Lógica|end|title
login|tratamento-nome|Lógica|time|title
login|tratamento-nome|Lógica|outros|title
login|timeout|Mensagem|Sua sessão não foi iniciada devido a sua inatividade.|message
login|timeout|Mensagem|Saída|title
login|end-session|Mensagem|Sua sessão não foi iniciada.|message
login|end-session|Mensagem|Saída|title
login|identifica-singular|Lógica|Relacionamento Singular|title
login|identifica-singular|Lógica|Singular|title
login|identifica-singular|Lógica|Private BR|title
login|identifica-singular|Lógica|Não singular|title
login|doc-opcoes|Múltipla Escolha|Você sabe quais os documentos necessários para abertura?|message
login|doc-opcoes|Múltipla Escolha|Sim|title
login|doc-opcoes|Múltipla Escolha|Não|title
login|doc-opcoes|Múltipla Escolha|Outros|title
login|doc-sim-nao|Lógica|Sim|title
login|doc-sim-nao|Lógica|Não|title
login|ajudo-mais|Múltipla Escolha|Te ajudo em algo mais?|message
login|ajudo-mais|Múltipla Escolha|Sim|title
login|ajudo-mais|Múltipla Escolha|Não|title
login|ajudo-mais|Múltipla Escolha|Outros|title
login|alteracao-dados|Carrosel Vertical|Selecione a opção desejada:|message
login|alteracao-dados|Carrosel Vertical|Alteração e-mail ou telefone|title
login|alteracao-dados|Carrosel Vertical|Alteração de outros dados cadastrais|title
login|alteracao-dados|Carrosel Vertical|Encerramento de conta|title
login|alteracao-dados|Carrosel Vertical|Senha esquecida ou bloqueada|title
login|alteracao-dados|Carrosel Vertical|Outros|title
login|opcoes-alteracao|Lógica|Saída|title
login|opcoes-alteracao|Lógica||title
login|finalizador|Carrosel Vertical|Selecione a opção desejada:|message
login|finalizador|Carrosel Vertical|Especialista digital|title
login|finalizador|Carrosel Vertical|Finalizar atendimento|title
login|finalizador|Carrosel Vertical|Outros|title
login|opcao-nao-doc|Múltipla Escolha|Você sabe como subir eles na plataforma?|message
login|opcao-nao-doc|Múltipla Escolha|Sim|title
login|opcao-nao-doc|Múltipla Escolha|Não|title
login|opcao-nao-doc|Múltipla Escolha|Outros|title
login|estacomdocs-s-n|Múltipla Escolha|Você está com os documentos necessários?|message
login|estacomdocs-s-n|Múltipla Escolha|Sim|title
login|estacomdocs-s-n|Múltipla Escolha|Não|title
login|estacomdocs-s-n|Múltipla Escolha|Outros|title
login|ajudaprocesso-upload|Múltipla Escolha|Você sabe como subir eles na plataforma?|message
login|ajudaprocesso-upload|Múltipla Escolha|Sim|title
login|ajudaprocesso-upload|Múltipla Escolha|Não|title
login|ajudaprocesso-upload|Múltipla Escolha|Outros|title
login|txt-sesim-buttoncad|Lógica|Saída|title
login|doc-opcoes-copy-2|Múltipla Escolha|Você está com dúvidas de como prosseguir?|message
login|doc-opcoes-copy-2|Múltipla Escolha|Sim|title
login|doc-opcoes-copy-2|Múltipla Escolha|Não|title
login|doc-opcoes-copy-2|Múltipla Escolha|Outros|title
login|lead-doc-|Carrosel Vertical||message
login|lead-doc-|Carrosel Vertical|Tenho um problema no acesso|title
login|lead-doc-|Carrosel Vertical|Como fazer upload de documentos?|title
login|lead-doc-|Carrosel Vertical|Outros|title
login|txt-senao|Lógica|Não|title
login|opcao-appouweb|Múltipla Escolha|Você está acessando via app ou web (computador)?|message
login|opcao-appouweb|Múltipla Escolha|App|title
login|opcao-appouweb|Múltipla Escolha|Web|title
login|opcao-appouweb|Múltipla Escolha|Outros|title
login|app-web-txt|Lógica|App|title
login|app-web-txt|Lógica|Web|title
login|naoajudamais|Lógica|Saída|title
login|special-clientes|Carrosel Vertical|"Olá, {{user.name}}!

Notei que sua conta tem acesso à nossa nova consultoria de investimentos, Special.

Esse é um serviço fornecido pela Avenue Gestão de Recursos, gratuito e feito para te ajudar a acessar o maior mercado financeiro do mundo. 

Você pode contar com:

●  Carteira recomendada de investimentos;
●  Estratégias direcionadas;
●  Especialistas do mercado internacional.

Tudo em um horário que se encaixa na sua agenda e sob demanda. Você tem interesse?"|message
login|special-clientes|Carrosel Vertical|Sim, tenho interesse|title
login|special-clientes|Carrosel Vertical|Não, tenho dúvidas sobre minha conta|title
login|special-clientes|Carrosel Vertical|Outros|title
login|identifica-special|Lógica|Special|title
login|identifica-special|Lógica|Saída Normal 2|title
login|identifica-special|Lógica|Erro 2|title
login|identifica-special|Lógica|Saída Normal|title
login|identifica-special|Lógica|Erro 1|title
login|integra-salesforce|Lógica|OK|title
login|integra-salesforce|Lógica|N-OK|title
login|atendimento-bot|Teste A/B|Chatbot|title
login|atendimento-bot|Teste A/B|Atendimento|title
login|auc-balance-br|Lógica|Fora do horário|title
login|auc-balance-br|Lógica|Maior que 200 horario|title
login|auc-balance-br|Lógica|Menor que 200|title
login|dep-200-reais|Múltipla Escolha|Identifiquei que você fez um depósito na sua conta recentemente, quer que eu te conecte com um especialista digital para que ele te ajude na operação de câmbio?|message
login|dep-200-reais|Múltipla Escolha|Sim|title
login|dep-200-reais|Múltipla Escolha|Não|title
login|dep-200-reais|Múltipla Escolha|Outros|title
login|gravacaminho-ab-copy|Lógica|Saída|title
login|gravacaminho-ab-copy-copy-9|Lógica|Saída|title
login|gravacaminho-abcopy-9-copy-9|Lógica|Saída|title
login|total-invested300k|Lógica|Igual ou maior 300|title
login|total-invested300k|Lógica|Menor 300|title
login|total-invested300k|Lógica|Fora do horário|title
login|integratipo-de-conta|Lógica|Conta B2C|title
login|integratipo-de-conta|Lógica|Conta Itaú|title
login|integratipo-de-conta|Lógica|Normal|title
login|logica-asse-digital|Lógica|Conta B2B|title
login|logica-asse-digital|Lógica|Elegível Frazao|title
login|logica-asse-digital|Lógica|Elegível Joao|title
login|logica-asse-digital|Lógica|Nao eligivel|title
login|mensagem-joao|Mensagem|"Olá, {{user.name}}!

Notei que você tem acesso ao atendimento personalizado da Assessoria Digital pelo WhatsApp.

De Investimentos a Banking, nossa equipe pode ajudar você a dar o próximo passo em sua jornada."|message
login|mensagem-joao|Mensagem|Saída|title
login|sim-nao-digital|Múltipla Escolha|Quer conversar diretamente com seu assessor?|message
login|sim-nao-digital|Múltipla Escolha|Sim|title
login|sim-nao-digital|Múltipla Escolha|Não|title
login|sim-nao-digital|Múltipla Escolha|Outros|title
login|logica-asse-digital-copy-18|Lógica|André Frazão|title
login|logica-asse-digital-copy-18|Lógica|Elegível Joao|title
login|opcao-naoquero|Mensagem|Tudo bem. Irei te direcionar para o menu principal.|message
login|opcao-naoquero|Mensagem|Saída|title
login|integra-lead-copy-21|Lógica|Conta|title
login|integra-lead-copy-21|Lógica|Dados pessoais|title
login|integra-lead-copy-21|Lógica|Dados de contato|title
login|integra-lead-copy-21|Lógica|Dados financeiros|title
login|integra-lead-copy-21|Lógica|Confirmação beneficiário|title
login|integra-lead-copy-21|Lógica|Documentação|title
login|integra-lead-copy-21|Lógica|Qualified|title
login|integra-lead-copy-21|Lógica|Sem conta|title
login|assinado-ou-nao|Lógica|Assinado|title
login|assinado-ou-nao|Lógica|Não assinado|title
login|confere-relacionamen|Lógica|Rosseto|title
login|confere-relacionamen|Lógica|Emilia|title
login|confere-relacionamen|Lógica|Salema|title
login|confere-relacionamen|Lógica|Jonas|title
login|confere-relacionamen|Lógica|Pini|title
login|confere-relacionamen|Lógica|Café|title
login|confere-relacionamen|Lógica|Tognini|title
login|confere-relacionamen|Lógica|Rhuan|title
login|confere-relacionamen|Lógica|Julliana|title
login|confere-relacionamen|Lógica|Antonis|title
login|confere-relacionamen|Lógica|Felipe|title
login|confere-relacionamen|Lógica|Sem responsável|title
login|special-filtro-copy-22|Carrosel Vertical|Nossa conversa hoje é sobre alocação, ajustes de portfólio ou produtos disponíveis?|message
login|special-filtro-copy-22|Carrosel Vertical|Sim|title
login|special-filtro-copy-22|Carrosel Vertical|Não|title
login|special-filtro-copy-22|Carrosel Vertical|Outros|title
login|envia-wpp-relacionam|Lógica|Rosseto|title
login|envia-wpp-relacionam|Lógica|Emilia|title
login|envia-wpp-relacionam|Lógica|Salema|title
login|envia-wpp-relacionam|Lógica|Jonas|title
login|envia-wpp-relacionam|Lógica|Pini|title
login|envia-wpp-relacionam|Lógica|Café|title
login|envia-wpp-relacionam|Lógica|Tognini|title
login|envia-wpp-relacionam|Lógica|Rhuan|title
login|envia-wpp-relacionam|Lógica|Julliana|title
login|envia-wpp-relacionam|Lógica|Antonis|title
login|envia-wpp-relacionam|Lógica|Felipe|title
login|timer-10s|Lógica|Saída|title
login|lead-perguntas|Carrosel Vertical|Selecione a opção desejada:|message
login|lead-perguntas|Carrosel Vertical|Alterar dados|title
login|lead-perguntas|Carrosel Vertical|Abertura de conta|title
login|lead-perguntas|Carrosel Vertical|Cancelar cadastro|title
login|lead-perguntas|Carrosel Vertical|Dificuldades de login|title
login|lead-perguntas|Carrosel Vertical|Menu principal|title
login|lead-perguntas|Carrosel Vertical|Outros|title
login|txt-lead-perguntas|Lógica|Alterar dados|title
login|txt-lead-perguntas|Lógica|Abertura de conta|title
login|txt-lead-perguntas|Lógica|Cancelar cadastro|title
login|txt-lead-perguntas|Lógica|Dificuldades de login|title
login|txt-lead-perguntas|Lógica|Menu principal|title
login|opcoes-alterardados|Carrosel Vertical|Selecione a opção desejada:|message
login|opcoes-alterardados|Carrosel Vertical|Alterar e-mail|title
login|opcoes-alterardados|Carrosel Vertical|Alterar telefone|title
login|opcoes-alterardados|Carrosel Vertical|Alterar outros dados|title
login|opcoes-alterardados|Carrosel Vertical|Voltar|title
login|opcoes-alterardados|Carrosel Vertical|Outros|title
login|txt-alterardados|Lógica|Alterar e-mail|title
login|txt-alterardados|Lógica|Alterar telefone|title
login|txt-alterardados|Lógica|Alterar outros dados|title
login|problemas-login|Carrosel Vertical|Selecione a opção desejada:|message
login|problemas-login|Carrosel Vertical|Não recebo SMS|title
login|problemas-login|Carrosel Vertical|Senha bloqueada|title
login|problemas-login|Carrosel Vertical|Esqueci minha senha|title
login|problemas-login|Carrosel Vertical|Cadastro de email errado|title
login|problemas-login|Carrosel Vertical|Voltar|title
login|problemas-login|Carrosel Vertical|Outros|title
login|txt-problemaslogin|Lógica|Esqueci minha senha|title
login|txt-problemaslogin|Lógica|Senha bloqueada|title
login|txt-problemaslogin|Lógica|Cadastro de email errado|title
login|txt-problemaslogin|Lógica|Não recebo SMS|title
login|problemas-login-copy-24|Carrosel Vertical|Selecione a opção desejada:|message
login|problemas-login-copy-24|Carrosel Vertical|Menu principal|title
login|problemas-login-copy-24|Carrosel Vertical|Encerrar atendimento|title
login|problemas-login-copy-24|Carrosel Vertical|Voltar|title
login|problemas-login-copy-24|Carrosel Vertical|Outros|title
login|voltar-anterior|Lógica|Saída|title
login|logica-campanha|Lógica|Dentro|title
login|logica-campanha|Lógica|Fora de hora|title
login|logica-campanha|Lógica|Total invested fora|title
login|logica-campanha|Lógica|Conta mais de 3 dias|title
login|integra-salesforce-copy-28|Lógica|OK|title
login|integra-salesforce-copy-28|Lógica|N-OK|title
login|sim-nao-digital-copy-29|Múltipla Escolha|opcoes-cadastro|message
login|sim-nao-digital-copy-29|Múltipla Escolha|Sim|title
login|sim-nao-digital-copy-29|Múltipla Escolha|Não|title
login|sim-nao-digital-copy-29|Múltipla Escolha|Outros|title
finalizador-inv|envia-bloco-ant2|Lógica|Saída|title
finalizador-inv|finalizador-fa|Carrosel Vertical|Escolha uma das opções:|message
finalizador-inv|finalizador-fa|Carrosel Vertical|Especialista digital|title
finalizador-inv|finalizador-fa|Carrosel Vertical|Finalizar atendimento|title
finalizador-inv|finalizador-fa|Carrosel Vertical|Menu principal|title
finalizador-inv|finalizador-fa|Carrosel Vertical|Menu de Banking|title
finalizador-inv|finalizador-fa|Carrosel Vertical|Voltar|title
finalizador-inv|finalizador-fa|Carrosel Vertical|Outros|title
finalizador-inv|logica-caminho|Lógica|Especialista digital|title
finalizador-inv|logica-caminho|Lógica|Finalizar|title
finalizador-inv|logica-caminho|Lógica|Menu|title
finalizador-inv|logica-caminho|Lógica|Menu de Banking|title
finalizador-inv|finalizador|Carrosel Vertical|Escolha uma das opções:|message
finalizador-inv|finalizador|Carrosel Vertical|Finalizar atendimento|title
finalizador-inv|finalizador|Carrosel Vertical|Menu principal|title
finalizador-inv|finalizador|Carrosel Vertical|Voltar|title
finalizador-inv|finalizador|Carrosel Vertical|Outros|title
finalizador-inv|logica-caminho-copy-1|Lógica|Finalizar|title
finalizador-inv|logica-caminho-copy-1|Lógica|Menu|title
finalizador-inv|envia-bloco-ant2-copy-9|Lógica|Saída|title
finalizador-inv|final-banking-logica|Lógica|Especialista digital|title
finalizador-inv|final-banking-logica|Lógica|Finalizar|title
finalizador-inv|final-banking-logica|Lógica|Menu|title
finalizador-inv|final-banking-logica|Lógica|Menu de Investimentos|title
finalizador-inv|envia-bloco-ant2-copy-10|Lógica|Saída|title
finalizador-inv|outros-investimentos|Lógica|Saída|title
finalizador-inv|outros-finalizador|Lógica|Saída|title
finalizador-inv|outros-banking|Lógica|Saída|title
finalizador-inv|finalizador-banking|Carrosel Vertical|Escolha uma das opções:|message
finalizador-inv|finalizador-banking|Carrosel Vertical|Especialista digital|title
finalizador-inv|finalizador-banking|Carrosel Vertical|Finalizar atendimento|title
finalizador-inv|finalizador-banking|Carrosel Vertical|Menu principal|title
finalizador-inv|finalizador-banking|Carrosel Vertical|Menu de investimentos|title
finalizador-inv|finalizador-banking|Carrosel Vertical|Voltar|title
finalizador-inv|finalizador-banking|Carrosel Vertical|Outros|title
finalizador-inv|logica-enviamensagem|Lógica|OK|title
finalizador-inv|logica-enviamensagem|Lógica|N-OK|title
finalizador-inv|pergunta-enviamensag|Pergunta||message
finalizador-inv|pergunta-enviamensag|Pergunta|Saída|title
finalizador-inv|pergunta-enviamensag|Pergunta|Outros|title
finalizador-inv|forahorario-invest|Carrosel Vertical|Você está tentando acessar o atendimento fora do horário. O que gostaria de fazer agora?|message
finalizador-inv|forahorario-invest|Carrosel Vertical|Deixar uma mensagem|title
finalizador-inv|forahorario-invest|Carrosel Vertical|Encerrar atendimento|title
finalizador-inv|forahorario-invest|Carrosel Vertical|Menu principal|title
finalizador-inv|forahorario-invest|Carrosel Vertical|Outros|title
finalizador-inv|forahorario-banking|Carrosel Vertical|Você está tentando acessar o atendimento fora do horário. O que gostaria de fazer agora?|message
finalizador-inv|forahorario-banking|Carrosel Vertical|Deixar uma mensagem|title
finalizador-inv|forahorario-banking|Carrosel Vertical|Encerrar atendimento|title
finalizador-inv|forahorario-banking|Carrosel Vertical|Menu principal|title
finalizador-inv|forahorario-banking|Carrosel Vertical|Outros|title
finalizador-inv|opcoes-fora-horario|Carrosel Vertical|Selecione o assunto que você deseja registrar sua mensagem.|message
finalizador-inv|opcoes-fora-horario|Carrosel Vertical|Cadastro|title
finalizador-inv|opcoes-fora-horario|Carrosel Vertical|Movimentações financeiras|title
finalizador-inv|opcoes-fora-horario|Carrosel Vertical|Dúvidas de investimentos|title
finalizador-inv|opcoes-fora-horario|Carrosel Vertical|Câmbio e limites|title
finalizador-inv|opcoes-fora-horario|Carrosel Vertical|Operação não reconhecida|title
finalizador-inv|opcoes-fora-horario|Carrosel Vertical|Outros assuntos|title
finalizador-inv|opcoes-fora-horario|Carrosel Vertical|Outros|title
finalizador-inv|opcoes-pick-list-inv|Lógica|Cadastro|title
finalizador-inv|opcoes-pick-list-inv|Lógica|Movimentações financeiras|title
finalizador-inv|opcoes-pick-list-inv|Lógica|Dúvidas de investimentos|title
finalizador-inv|opcoes-pick-list-inv|Lógica|Câmbio e limites|title
finalizador-inv|opcoes-pick-list-inv|Lógica|Operação não reconhecida|title
finalizador-inv|opcoes-pick-list-inv|Lógica|Outros assuntos|title
finalizador-inv|opcoes-pick-list-inv|Lógica||title
finalizador-inv|fora-horario-bnk|Carrosel Vertical|Selecione o assunto que você deseja registrar sua mensagem.|message
finalizador-inv|fora-horario-bnk|Carrosel Vertical|Cartão Banking|title
finalizador-inv|fora-horario-bnk|Carrosel Vertical|Transações Cartão|title
finalizador-inv|fora-horario-bnk|Carrosel Vertical|Transferências Banking|title
finalizador-inv|fora-horario-bnk|Carrosel Vertical|Câmbio para Banking|title
finalizador-inv|fora-horario-bnk|Carrosel Vertical|Perda, roubo ou furto|title
finalizador-inv|fora-horario-bnk|Carrosel Vertical|Funcionalidades Banking|title
finalizador-inv|fora-horario-bnk|Carrosel Vertical|Outros assuntos|title
finalizador-inv|fora-horario-bnk|Carrosel Vertical|Outros|title
finalizador-inv|opcoes-pick-list-bnk|Lógica|Cartão banking|title
finalizador-inv|opcoes-pick-list-bnk|Lógica|Transações Cartão|title
finalizador-inv|opcoes-pick-list-bnk|Lógica|Transferências Banking|title
finalizador-inv|opcoes-pick-list-bnk|Lógica|Câmbio para Banking|title
finalizador-inv|opcoes-pick-list-bnk|Lógica|Perda, roubo ou furto|title
finalizador-inv|opcoes-pick-list-bnk|Lógica|Funcionalidades Banking|title
finalizador-inv|opcoes-pick-list-bnk|Lógica|Outros assuntos|title
finalizador-inv|opcoes-pick-list-bnk|Lógica||title
finalizador-inv|opcoes-cadastro|Carrosel Vertical|Sobre cadastro, você deseja falar sobre:|message
finalizador-inv|opcoes-cadastro|Carrosel Vertical|Alterar dados|title
finalizador-inv|opcoes-cadastro|Carrosel Vertical|Dificuldades de login|title
finalizador-inv|opcoes-cadastro|Carrosel Vertical|Cancelar conta|title
finalizador-inv|opcoes-cadastro|Carrosel Vertical|Outros assuntos|title
finalizador-inv|opcoes-cadastro|Carrosel Vertical|Outros|title
finalizador-inv|opcoes-dep-ret|Carrosel Vertical|Sobre movimentações financeiras, você deseja falar sobre:|message
finalizador-inv|opcoes-dep-ret|Carrosel Vertical|Depósito|title
finalizador-inv|opcoes-dep-ret|Carrosel Vertical|Retirada|title
finalizador-inv|opcoes-dep-ret|Carrosel Vertical|Transferência de ativos|title
finalizador-inv|opcoes-dep-ret|Carrosel Vertical|Outros assuntos|title
finalizador-inv|opcoes-dep-ret|Carrosel Vertical|Outros|title
finalizador-inv|opcoes-cmb|Carrosel Vertical|Sobre câmbio e limites, você deseja falar sobre:|message
finalizador-inv|opcoes-cmb|Carrosel Vertical|Aumento de limite|title
finalizador-inv|opcoes-cmb|Carrosel Vertical|Dúvidas sobre câmbio|title
finalizador-inv|opcoes-cmb|Carrosel Vertical|Liquidação de câmbio|title
finalizador-inv|opcoes-cmb|Carrosel Vertical|Outros assuntos|title
finalizador-inv|opcoes-cmb|Carrosel Vertical|Outros|title
finalizador-inv|opcoes-2|Lógica|Alterar dados|title
finalizador-inv|opcoes-2|Lógica|Dificuldades de login|title
finalizador-inv|opcoes-2|Lógica|Cancelar conta|title
finalizador-inv|opcoes-2|Lógica|Outros assuntos|title
finalizador-inv|opcoes-2|Lógica||title
finalizador-inv|opcoes-3|Lógica|Depósito|title
finalizador-inv|opcoes-3|Lógica|Retirada|title
finalizador-inv|opcoes-3|Lógica|Transferência de ativos|title
finalizador-inv|opcoes-3|Lógica|Outros assuntos|title
finalizador-inv|opcoes-3|Lógica||title
finalizador-inv|opcoes-4|Lógica|Aumento de limite|title
finalizador-inv|opcoes-4|Lógica|Dúvidas sobre câmbio|title
finalizador-inv|opcoes-4|Lógica|Liquidação de câmbio|title
finalizador-inv|opcoes-4|Lógica|Outros assuntos|title
finalizador-inv|opcoes-4|Lógica||title
finalizador-inv|perdaroubofurto-card|Carrosel Vertical|"Nosso atendimento está disponível de segunda-feira a sexta-feira, das 06h às 23h, horário de Brasília.

Você efetuou o bloqueio no link anterior?"|message
finalizador-inv|perdaroubofurto-card|Carrosel Vertical|Sim|title
finalizador-inv|perdaroubofurto-card|Carrosel Vertical|Não|title
finalizador-inv|perdaroubofurto-card|Carrosel Vertical|Outros|title
finalizador-inv|avisodaimportancia|Mensagem|"O recomendado é que você bloqueie imediatamente seus cartões e transações financeiras acessando o link a seguir:

https://pit.avenue.us/emergency-block/link-request"|message
finalizador-inv|avisodaimportancia|Mensagem|Saída|title
finalizador-inv|perdaroubofurto-card-copy-20|Carrosel Vertical|Agora que você efetuou o bloqueio temporário. O que você deseja realizar?|message
finalizador-inv|perdaroubofurto-card-copy-20|Carrosel Vertical|Deixar mensagem|title
finalizador-inv|perdaroubofurto-card-copy-20|Carrosel Vertical|Encerrar atendimento|title
finalizador-inv|perdaroubofurto-card-copy-20|Carrosel Vertical|Outros|title
finalizador-inv|timer-aviso-atend|Lógica|Dentro do Horário|title
finalizador-inv|timer-aviso-atend|Lógica|Fora de Horário|title
finalizador-inv|timer-aviso-atend|Lógica||title
finalizador-inv|timer-banking|Lógica|Dentro do Horário Banking|title
finalizador-inv|timer-banking|Lógica|Fora de Horário Banking|title
finalizador-inv|fcai-testes|Lógica|Dentro do Horário Banking|title
finalizador-inv|fcai-testes|Lógica|Fora de Horário Banking|title
livechat|history-api|Lógica|OK|title
livechat|history-api|Lógica|N-OK|title
livechat|erro-historico|Mensagem||message
livechat|erro-historico|Mensagem|Saída|title
livechat|ret|Lógica|Saída|title
livechat|pular|Mensagem|Você pulou!|message
livechat|pular|Mensagem|Saída|title
livechat|opcoes-investimentos-copy-9|Lógica|Saída|title
livechat|indisp|Lógica|ButtonIDBanking|title
livechat|indisp|Lógica|AntiFraudeForahorario|title
livechat|indisp|Lógica|ButtonIDInvest|title
livechat|direciona-cliente|Lógica|Saída|title
principal|boas-vindas|Boas-vindas|Sou a Eva, a assistente virtual da Avenue.|message
principal|boas-vindas|Boas-vindas|Saída|title
principal|nao-entendi|Não entendi|Finaliza|title
principal|nao-entendi|Não entendi|Busca Hash|title
principal|nao-entendi|Não entendi|Login Lead|title
principal|nao-entendi|Não entendi|Inicia Sessão|title
principal|nao-entendi|Não entendi|Saída Normal|title
principal|cancelar|Cancelar|Login Lead|title
principal|cancelar|Cancelar|Inicia Sessão|title
principal|cancelar|Cancelar|Saída Normal|title
principal|inicia-registro|Lógica|Busca Hash|title
principal|inicia-registro|Lógica|Lead|title
principal|inicia-registro|Lógica|Saída|title
principal|msg-cancela|Mensagem|Cancelado, estou te enviando para o menu.|message
principal|msg-cancela|Mensagem|Saída|title
principal|msg-incio|Mensagem|Só um momento, vamos começar uma nova sessão.|message
principal|msg-incio|Mensagem|Saída|title
principal|singularounao|Lógica|Menu Singular|title
principal|singularounao|Lógica|Saída Normal|title
principal|limpa-user-cpf|Lógica|Saída|title
c-menu-depret|opcoes-depret|Carrosel Vertical|Sobre qual assunto gostaria de falar?|message
c-menu-depret|opcoes-depret|Carrosel Vertical|Depósito|title
c-menu-depret|opcoes-depret|Carrosel Vertical|Retirada|title
c-menu-depret|opcoes-depret|Carrosel Vertical|Transferência de ativos|title
c-menu-depret|opcoes-depret|Carrosel Vertical|Voltar|title
c-menu-depret|opcoes-depret|Carrosel Vertical|Outros|title
c-menu-depret|opcoes-deposito|Carrosel Vertical|Sobre qual assunto gostaria de falar?|message
c-menu-depret|opcoes-deposito|Carrosel Vertical|Depósito em reais|title
c-menu-depret|opcoes-deposito|Carrosel Vertical|Depósito em dólares|title
c-menu-depret|opcoes-deposito|Carrosel Vertical|Voltar|title
c-menu-depret|opcoes-deposito|Carrosel Vertical|Outros|title
c-menu-depret|opcoes-depositos|Lógica|Depósito em reais (TED ou Pix)|title
c-menu-depret|opcoes-retirada|Carrosel Vertical|Sobre qual assunto gostaria de falar?|message
c-menu-depret|opcoes-retirada|Carrosel Vertical|Retirada em reais|title
c-menu-depret|opcoes-retirada|Carrosel Vertical|Retirada em dólares|title
c-menu-depret|opcoes-retirada|Carrosel Vertical|Problemas na retirada|title
c-menu-depret|opcoes-retirada|Carrosel Vertical|Voltar|title
c-menu-depret|opcoes-retirada|Carrosel Vertical|Outros|title
c-menu-depret|opcoes-retiradas|Lógica|Saída|title
c-menu-depret|opcoes-transfcutodia|Carrosel Vertical|Sobre transferência de custódia, selecione a opção desejada:|message
c-menu-depret|opcoes-transfcutodia|Carrosel Vertical|Trazer ativos|title
c-menu-depret|opcoes-transfcutodia|Carrosel Vertical|Retirar ativos|title
c-menu-depret|opcoes-transfcutodia|Carrosel Vertical|Voltar|title
c-menu-depret|opcoes-transfcutodia|Carrosel Vertical|Outros|title
c-menu-depret|opcoes-transf|Lógica|Saída|title
c-menu-depret|enviaroutros|Lógica|Saída|title
c-menu-depret|envia-outros-4|Lógica|Saída|title
c-menu-depret|envia-outros-5|Lógica|Saída|title
c-menu-depret|envia-outros-princip|Lógica|Saída|title
c-menu-depret|ficoucomduvida|Carrosel Vertical|Você ficou com alguma dúvida?|message
c-menu-depret|ficoucomduvida|Carrosel Vertical|Sim|title
c-menu-depret|ficoucomduvida|Carrosel Vertical|Não|title
c-menu-depret|ficoucomduvida|Carrosel Vertical|Outros|title
c-menu-depret|enviaroutros-copy-11|Lógica|Saída|title
c-menu-depret|ficoucomduvidav2|Carrosel Vertical|Você ficou com alguma dúvida?|message
c-menu-depret|ficoucomduvidav2|Carrosel Vertical|Sim|title
c-menu-depret|ficoucomduvidav2|Carrosel Vertical|Não|title
c-menu-depret|ficoucomduvidav2|Carrosel Vertical|Outros|title
c-menu-depret|enviaroutros-2|Lógica|Saída|title
c-menu-depret|conhecer-produtos|Carrosel Vertical|Gostaria que eu te mostrasse nossos produtos para você encontrar a melhor opção de investimento?|message
c-menu-depret|conhecer-produtos|Carrosel Vertical|Sim|title
c-menu-depret|conhecer-produtos|Carrosel Vertical|Não|title
c-menu-depret|conhecer-produtos|Carrosel Vertical|Outros|title
c-menu-depret|enviaoutros-3|Lógica|Saída|title
c-menu-depret|deposito-wire|Lógica|Depósito em dólares (WIRE)|title
c-menu-depret|depositowire2|Lógica|Depósito em dólares (WIRE)|title
c-menu-depret|texto-grava-caminho1|Lógica|Saída|title
c-menu-depret|grava-caminho2|Lógica|Saída|title
c-menu-depret|grava-caminho3|Lógica|Saída|title
c-menu-depret|grava-caminho|Lógica|Saída|title
c-menu-depret|grava-caminho|Lógica||title
c-menu-depret|retirar-ativos-soun|Múltipla Escolha|Você está tendo algum problema com a Avenue?|message
c-menu-depret|retirar-ativos-soun|Múltipla Escolha|Sim|title
c-menu-depret|retirar-ativos-soun|Múltipla Escolha|Não|title
c-menu-depret|retirar-ativos-soun|Múltipla Escolha|Outros|title
c-menu-depret|envia-outros-6|Lógica|Saída|title
c-menu-depret|falar-com-atend|Múltipla Escolha|Deseja que eu te coloque em contato com um especialista digital?|message
c-menu-depret|falar-com-atend|Múltipla Escolha|Sim|title
c-menu-depret|falar-com-atend|Múltipla Escolha|Não|title
c-menu-depret|falar-com-atend|Múltipla Escolha|Outros|title
c-menu-depret|envia-outros-7|Lógica|Saída|title
c-menu-depret|enviaprodutos|Mensagem|Estou te transferindo para o menu com os nossos produtos.|message
c-menu-depret|enviaprodutos|Mensagem|Saída|title
a-menu-cmb|introducao|Mensagem|Para realizar um investimento ou uma compra em dólares, o primeiro passo é efetuar uma operação de câmbio, que consiste na conversão de moedas. O valor mínimo para realizar essa operação é de R$: 200,00.|message
a-menu-cmb|introducao|Mensagem|Saída|title
a-menu-cmb|enviaroutros|Lógica|Saída|title
a-menu-cmb|custos-cambio|Lógica|Custos|title
a-menu-cmb|custos-cambio|Lógica|Liquidação de câmbio|title
a-menu-cmb|custos-cambio|Lógica|Modalidades de câmbio|title
a-menu-cmb|cambiorejeitado2|Lógica|Saída|title
a-menu-cmb|pergunta-cambiorejei|Carrosel Vertical|Você conseguiu identificar o motivo do seu câmbio ser rejeitado?|message
a-menu-cmb|pergunta-cambiorejei|Carrosel Vertical|Sim|title
a-menu-cmb|pergunta-cambiorejei|Carrosel Vertical|Não|title
a-menu-cmb|pergunta-cambiorejei|Carrosel Vertical|Voltar|title
a-menu-cmb|pergunta-cambiorejei|Carrosel Vertical|Outros|title
a-menu-cmb|modalidades-cambio|Carrosel Vertical|O prazo para liquidação pode ser escolhido no momento do câmbio dentre as opções:|message
a-menu-cmb|modalidades-cambio|Carrosel Vertical|Câmbio Instantâneo|title
a-menu-cmb|modalidades-cambio|Carrosel Vertical|Câmbio dia seguinte (D+1)|title
a-menu-cmb|modalidades-cambio|Carrosel Vertical|Câmbio Estendido|title
a-menu-cmb|modalidades-cambio|Carrosel Vertical|Câmbio Programado|title
a-menu-cmb|modalidades-cambio|Carrosel Vertical|Voltar|title
a-menu-cmb|modalidades-cambio|Carrosel Vertical|Outros|title
a-menu-cmb|opcao-limite-txt|Lógica|Real para Dólar|title
a-menu-cmb|opcao-limite-txt|Lógica|Dólar para Real|title
a-menu-cmb|opcao-liquidacao-txt|Lógica|Real para dólar|title
a-menu-cmb|opcao-liquidacao-txt|Lógica|Dólar para real|title
a-menu-cmb|modalidades-cmb-txt|Lógica|Câmbio Instantâneo|title
a-menu-cmb|modalidades-cmb-txt|Lógica|Câmbio dia seguinte (D+1)|title
a-menu-cmb|modalidades-cmb-txt|Lógica|Câmbio Estendido|title
a-menu-cmb|modalidades-cmb-txt|Lógica|Câmbio Programado|title
a-menu-cmb|menu-principal-cmb|Carrosel Vertical|Sobre qual assunto gostaria de falar?|message
a-menu-cmb|menu-principal-cmb|Carrosel Vertical|Como fazer um câmbio?|title
a-menu-cmb|menu-principal-cmb|Carrosel Vertical|Limite de câmbio|title
a-menu-cmb|menu-principal-cmb|Carrosel Vertical|Câmbio rejeitado|title
a-menu-cmb|menu-principal-cmb|Carrosel Vertical|Outras dúvidas|title
a-menu-cmb|menu-principal-cmb|Carrosel Vertical|Voltar|title
a-menu-cmb|menu-principal-cmb|Carrosel Vertical|Outros|title
a-menu-cmb|opcao-cambio|Carrosel Vertical|Qual modalidade de câmbio você deseja obter informações?|message
a-menu-cmb|opcao-cambio|Carrosel Vertical|Real para Dólar|title
a-menu-cmb|opcao-cambio|Carrosel Vertical|Dólar para Real|title
a-menu-cmb|opcao-cambio|Carrosel Vertical|Conversão para Euro|title
a-menu-cmb|opcao-cambio|Carrosel Vertical|Voltar|title
a-menu-cmb|opcao-cambio|Carrosel Vertical|Outros|title
a-menu-cmb|opcao-cambio-txt|Lógica|Real para Dólar|title
a-menu-cmb|opcao-cambio-txt|Lógica|Dólar para Real|title
a-menu-cmb|opcao-cambio-txt|Lógica|Conversão para Euro|title
a-menu-cmb|opcao-limites|Carrosel Vertical|Sobre qual limite você gostaria de obter informações?|message
a-menu-cmb|opcao-limites|Carrosel Vertical|Real para Dólar|title
a-menu-cmb|opcao-limites|Carrosel Vertical|Dólar para Real|title
a-menu-cmb|opcao-limites|Carrosel Vertical|Voltar|title
a-menu-cmb|opcao-limites|Carrosel Vertical|Outros|title
a-menu-cmb|menu-secundario-cmb|Carrosel Vertical|Sobre qual assunto gostaria de falar?|message
a-menu-cmb|menu-secundario-cmb|Carrosel Vertical|Custos|title
a-menu-cmb|menu-secundario-cmb|Carrosel Vertical|Liquidação de câmbio|title
a-menu-cmb|menu-secundario-cmb|Carrosel Vertical|Modalidades de câmbio|title
a-menu-cmb|menu-secundario-cmb|Carrosel Vertical|Voltar|title
a-menu-cmb|menu-secundario-cmb|Carrosel Vertical|Outros|title
a-menu-cmb|opcoes-liquidacao|Carrosel Vertical|Sobre qual limite você gostaria de obter informações referente a liquidação?|message
a-menu-cmb|opcoes-liquidacao|Carrosel Vertical|Real para dólar|title
a-menu-cmb|opcoes-liquidacao|Carrosel Vertical|Dólar para real|title
a-menu-cmb|opcoes-liquidacao|Carrosel Vertical|Voltar|title
a-menu-cmb|opcoes-liquidacao|Carrosel Vertical|Outros|title
a-menu-cmb|outros1|Lógica|Saída|title
a-menu-cmb|outros2|Lógica|Saída|title
a-menu-cmb|outros3|Lógica|Saída|title
a-menu-cmb|outros4|Lógica|Saída|title
a-menu-cmb|outros5|Lógica|Saída|title
a-menu-cmb|outros6|Lógica|Saída|title
a-menu-cmb|grava-caminho|Lógica|Saída|title
a-menu-cmb|grava-caminho|Lógica||title
a-menu-cmb|opcoes-txt|Lógica|Como fazer um câmbio?|title
a-menu-cmb|opcoes-txt|Lógica|Limite de câmbio|title
a-menu-cmb|opcoes-txt|Lógica|Câmbio rejeitado|title
a-menu-cmb|opcoes-txt|Lógica|Outras dúvidas|title
a-menu-cmb|pergunta-cambiorejei-copy-2|Carrosel Vertical|"Nosso atendimento está disponível de segunda à sexta-feira das 09:00 às 18:00 (horário de Brasília).

Quer registrar uma mensagem para o time responsável, em breve eles irão retornar o contato."|message
a-menu-cmb|pergunta-cambiorejei-copy-2|Carrosel Vertical|Sim|title
a-menu-cmb|pergunta-cambiorejei-copy-2|Carrosel Vertical|Não|title
a-menu-cmb|pergunta-cambiorejei-copy-2|Carrosel Vertical|Outros|title
a-menu-cmb|timer-aviso-atend|Lógica|Dentro do Horário Banking|title
a-menu-cmb|timer-aviso-atend|Lógica|Fora de Horário Banking|title
f-menu-invest|menu-opcoes-invest|Carrosel Vertical|"Oferecemos acesso a cerca de 8000 ativos negociados nas principais bolsas americanas (NYSE e Nasdaq), além de fundos de investimentos e títulos de renda fixa.

Sobre qual produto gostaria de obter mais informações?"|message
f-menu-invest|menu-opcoes-invest|Carrosel Vertical|Renda Fixa|title
f-menu-invest|menu-opcoes-invest|Carrosel Vertical|Renda Variável|title
f-menu-invest|menu-opcoes-invest|Carrosel Vertical|Fundos de Investimentos|title
f-menu-invest|menu-opcoes-invest|Carrosel Vertical|Assessorias Avenue|title
f-menu-invest|menu-opcoes-invest|Carrosel Vertical|Voltar|title
f-menu-invest|menu-opcoes-invest|Carrosel Vertical|Outros|title
f-menu-invest|menu-opcoes-invest|Carrosel Vertical||title
f-menu-invest|opcoes-produtos|Lógica|Renda Fixa|title
f-menu-invest|opcoes-produtos|Lógica|Fundos de Investimentos|title
f-menu-invest|opcoes-produtos|Lógica|Renda Variável|title
f-menu-invest|opcoes-produtos|Lógica|Assessorias Avenue|title
f-menu-invest|opcoes-produtos|Lógica||title
f-menu-invest|grava-caminho|Lógica|Saída|title
f-menu-invest|grava-caminho|Lógica||title
f-menu-invest|produtos-rendafixa|Carrosel Vertical|"Temos duas opções de produtos disponíveis, com opções de investimentos em renda fixa. 

Sobre o que deseja falar?"|message
f-menu-invest|produtos-rendafixa|Carrosel Vertical|Bonds|title
f-menu-invest|produtos-rendafixa|Carrosel Vertical|CD|title
f-menu-invest|produtos-rendafixa|Carrosel Vertical|Voltar|title
f-menu-invest|produtos-rendafixa|Carrosel Vertical|Outros|title
f-menu-invest|enviaroutros|Lógica|Saída|title
f-menu-invest|enviaroutros2|Lógica|Saída|title
f-menu-invest|renda-fixa-txt|Lógica|Bonds|title
f-menu-invest|renda-fixa-txt|Lógica|CD|title
f-menu-invest|renda-fixa-txt|Lógica||title
f-menu-invest|opcoes-bonds|Carrosel Vertical||message
f-menu-invest|opcoes-bonds|Carrosel Vertical|Custos|title
f-menu-invest|opcoes-bonds|Carrosel Vertical|Como investir|title
f-menu-invest|opcoes-bonds|Carrosel Vertical|Valores mínimos|title
f-menu-invest|opcoes-bonds|Carrosel Vertical|Bonds disponíveis|title
f-menu-invest|opcoes-bonds|Carrosel Vertical|Transferências de Bonds|title
f-menu-invest|opcoes-bonds|Carrosel Vertical|Voltar|title
f-menu-invest|opcoes-bonds|Carrosel Vertical|Outros|title
f-menu-invest|opcoes-cd|Carrosel Vertical||message
f-menu-invest|opcoes-cd|Carrosel Vertical|Custos|title
f-menu-invest|opcoes-cd|Carrosel Vertical|Impostos|title
f-menu-invest|opcoes-cd|Carrosel Vertical|Rentabilidade|title
f-menu-invest|opcoes-cd|Carrosel Vertical|Como investir|title
f-menu-invest|opcoes-cd|Carrosel Vertical|Valores mínimos|title
f-menu-invest|opcoes-cd|Carrosel Vertical|Garantias e liquidez|title
f-menu-invest|opcoes-cd|Carrosel Vertical|Voltar|title
f-menu-invest|opcoes-cd|Carrosel Vertical|Outros|title
f-menu-invest|enviaroutros3|Lógica|Saída|title
f-menu-invest|enviaroutros4|Lógica|Saída|title
f-menu-invest|enviaroutros5|Lógica|Saída|title
f-menu-invest|renda-fixa-txt-copy-2|Lógica||title
f-menu-invest|renda-fixa-txt-copy-2|Lógica||title
f-menu-invest|renda-fixa-txt-copy-2|Lógica||title
f-menu-invest|opcoes-cd-txt|Lógica|Saída|title
f-menu-invest|opcoes-cd-txt|Lógica||title
f-menu-invest|opcoes-mutualfunds|Carrosel Vertical|"Os fundos de investimentos são uma forma de *terceirização da gestão* de recursos para administradores profissionais.

Podem seguir uma variedade de estratégias para investir numa cesta de títulos, como; ações, renda fixa, moedas ou derivativos."|message
f-menu-invest|opcoes-mutualfunds|Carrosel Vertical|Custos|title
f-menu-invest|opcoes-mutualfunds|Carrosel Vertical|Como filtrar|title
f-menu-invest|opcoes-mutualfunds|Carrosel Vertical|Como operar|title
f-menu-invest|opcoes-mutualfunds|Carrosel Vertical|Voltar|title
f-menu-invest|opcoes-mutualfunds|Carrosel Vertical|Outros|title
f-menu-invest|enviaroutros6|Lógica|Saída|title
f-menu-invest|opcoes-mutual-txt|Lógica|Saída|title
f-menu-invest|opcoes-mutual-txt|Lógica||title
f-menu-invest|teste|Carrosel Vertical||message
f-menu-invest|teste|Carrosel Vertical|rteste|title
f-menu-invest|teste|Carrosel Vertical|Outros|title
f-menu-invest|opcoes-rendavariavel|Carrosel Vertical|"Abaixo estão as opções com opções de investimentos em renda variável.

Sobre o que deseja falar?"|message
f-menu-invest|opcoes-rendavariavel|Carrosel Vertical|Ações|title
f-menu-invest|opcoes-rendavariavel|Carrosel Vertical|ADRs|title
f-menu-invest|opcoes-rendavariavel|Carrosel Vertical|ETFs|title
f-menu-invest|opcoes-rendavariavel|Carrosel Vertical|REITs|title
f-menu-invest|opcoes-rendavariavel|Carrosel Vertical|Ordem Basket Carteira ETF|title
f-menu-invest|opcoes-rendavariavel|Carrosel Vertical|Aluguel de Ativos|title
f-menu-invest|opcoes-rendavariavel|Carrosel Vertical|Voltar|title
f-menu-invest|opcoes-rendavariavel|Carrosel Vertical|Outros|title
f-menu-invest|opcoes-variavel-txt|Lógica|Ações|title
f-menu-invest|opcoes-variavel-txt|Lógica|ADRs|title
f-menu-invest|opcoes-variavel-txt|Lógica|ETFs|title
f-menu-invest|opcoes-variavel-txt|Lógica|REITs|title
f-menu-invest|opcoes-variavel-txt|Lógica|Aluguel de Ativos|title
f-menu-invest|opcoes-variavel-txt|Lógica|Ordem Basket Carteira ETF|title
f-menu-invest|opcoes-variavel-txt|Lógica||title
f-menu-invest|produtos-variavel|Carrosel Vertical|Quando se trata de renda variável, como posso ajudar você?|message
f-menu-invest|produtos-variavel|Carrosel Vertical|Tipos de ordem|title
f-menu-invest|produtos-variavel|Carrosel Vertical|Ideias para investimentos|title
f-menu-invest|produtos-variavel|Carrosel Vertical|Ordem de compra e venda|title
f-menu-invest|produtos-variavel|Carrosel Vertical|Voltar|title
f-menu-invest|produtos-variavel|Carrosel Vertical|Outros|title
f-menu-invest|enviaroutros8|Lógica|Saída|title
f-menu-invest|tiposdeordem-opcoes|Carrosel Vertical|Essas são as ordens disponíveis em nossa plataforma:|message
f-menu-invest|tiposdeordem-opcoes|Carrosel Vertical|Ordem Stop|title
f-menu-invest|tiposdeordem-opcoes|Carrosel Vertical|Ordem Limitada|title
f-menu-invest|tiposdeordem-opcoes|Carrosel Vertical|Ordem Mercado|title
f-menu-invest|tiposdeordem-opcoes|Carrosel Vertical|Voltar|title
f-menu-invest|tiposdeordem-opcoes|Carrosel Vertical|Outros|title
f-menu-invest|ideias-invest-opcoes|Carrosel Vertical|Temos os seguintes materiais que podem auxiliá-lo a tomar decisões de investimento:|message
f-menu-invest|ideias-invest-opcoes|Carrosel Vertical|Seleção Avenue|title
f-menu-invest|ideias-invest-opcoes|Carrosel Vertical|Funds Screener|title
f-menu-invest|ideias-invest-opcoes|Carrosel Vertical|Stock Screener|title
f-menu-invest|ideias-invest-opcoes|Carrosel Vertical|Voltar|title
f-menu-invest|ideias-invest-opcoes|Carrosel Vertical|Outros|title
f-menu-invest|compra-venda-ordens|Carrosel Vertical|Sobre qual tipo de ordem você deseja obter informações?|message
f-menu-invest|compra-venda-ordens|Carrosel Vertical|Ordem de Compra|title
f-menu-invest|compra-venda-ordens|Carrosel Vertical|Ordem de Venda|title
f-menu-invest|compra-venda-ordens|Carrosel Vertical|Voltar|title
f-menu-invest|compra-venda-ordens|Carrosel Vertical|Outros|title
f-menu-invest|enviaroutros9|Lógica|Saída|title
f-menu-invest|tiposordem-txt|Lógica|Saída|title
f-menu-invest|tiposordem-txt|Lógica||title
f-menu-invest|ideisinvest-txt|Lógica|Saída|title
f-menu-invest|ideisinvest-txt|Lógica||title
f-menu-invest|tiposdeordem-txt|Lógica|Saída|title
f-menu-invest|tiposdeordem-txt|Lógica||title
f-menu-invest|enviaoutros10|Lógica|Saída|title
f-menu-invest|enviaoutros11|Lógica|Saída|title
f-menu-invest|enviaoutros12|Lógica|Saída|title
f-menu-invest|aluguel-opcoes|Carrosel Vertical|Sobre qual assunto gostaria de falar?|message
f-menu-invest|aluguel-opcoes|Carrosel Vertical|Custos|title
f-menu-invest|aluguel-opcoes|Carrosel Vertical|Impostos|title
f-menu-invest|aluguel-opcoes|Carrosel Vertical|Como disponibilizar?|title
f-menu-invest|aluguel-opcoes|Carrosel Vertical|Vender ativo alugado|title
f-menu-invest|aluguel-opcoes|Carrosel Vertical|Frequência de pagamento|title
f-menu-invest|aluguel-opcoes|Carrosel Vertical|Voltar|title
f-menu-invest|aluguel-opcoes|Carrosel Vertical|Outros|title
f-menu-invest|aluguel-opcoes-txt|Lógica|Saída|title
f-menu-invest|aluguel-opcoes-txt|Lógica||title
f-menu-invest|enviaoutros13|Lógica|Saída|title
f-menu-invest|opcoes-assessorias|Carrosel Vertical|Sobre qual assunto gostaria de falar?|message
f-menu-invest|opcoes-assessorias|Carrosel Vertical|Assessoria Digital|title
f-menu-invest|opcoes-assessorias|Carrosel Vertical|Assessoria Singular|title
f-menu-invest|opcoes-assessorias|Carrosel Vertical|Consultoria Special|title
f-menu-invest|opcoes-assessorias|Carrosel Vertical|Voltar|title
f-menu-invest|opcoes-assessorias|Carrosel Vertical|Outros|title
f-menu-invest|opcoesassessoria-txt|Lógica|Assessoria Digital|title
f-menu-invest|opcoesassessoria-txt|Lógica|Assessoria Singular|title
f-menu-invest|opcoesassessoria-txt|Lógica|Consultoria Special|title
f-menu-invest|opcoesassessoria-txt|Lógica||title
f-menu-invest|enviaoutros14|Lógica|Saída|title
f-menu-invest|assessoria-digital|Carrosel Vertical||message
f-menu-invest|assessoria-digital|Carrosel Vertical|Quero ajuda para investir|title
f-menu-invest|assessoria-digital|Carrosel Vertical|Quais os produtos disponíveis|title
f-menu-invest|assessoria-digital|Carrosel Vertical|Tenho um problema na minha conta|title
f-menu-invest|assessoria-digital|Carrosel Vertical|Voltar|title
f-menu-invest|assessoria-digital|Carrosel Vertical|Outros|title
f-menu-invest|assessoria-singular|Carrosel Vertical||message
f-menu-invest|assessoria-singular|Carrosel Vertical|Quero ser singular|title
f-menu-invest|assessoria-singular|Carrosel Vertical|Voltar|title
f-menu-invest|assessoria-singular|Carrosel Vertical|Outros|title
f-menu-invest|enviaoutros15|Lógica|Saída|title
f-menu-invest|enviaoutros16|Lógica|Saída|title
f-menu-invest|opcoes-bonds-txt-copy-204|Lógica|Saída|title
f-menu-invest|opcoes-bonds-txt-copy-204|Lógica||title
f-menu-invest|ideias-invest-txt|Lógica|Ideias de Renda Fixa|title
f-menu-invest|ideias-invest-txt|Lógica|Ideias de Ações, ETFs e REITs|title
f-menu-invest|ideias-invest-txt|Lógica|Carteira Recomendada de ETFs|title
f-menu-invest|ideias-invest-txt|Lógica|Carteira Recomendada de Fundos|title
f-menu-invest|ideias-invest-txt|Lógica||title
f-menu-invest|ideias-invest|Carrosel Vertical|Sobre qual assunto gostaria de falar?|message
f-menu-invest|ideias-invest|Carrosel Vertical|Ideias de Renda Fixa|title
f-menu-invest|ideias-invest|Carrosel Vertical|Ideias de Ações, ETFs e REITs|title
f-menu-invest|ideias-invest|Carrosel Vertical|Carteira Recomendada de ETFs|title
f-menu-invest|ideias-invest|Carrosel Vertical|Carteira Recomendada de Fundos|title
f-menu-invest|ideias-invest|Carrosel Vertical|Voltar|title
f-menu-invest|ideias-invest|Carrosel Vertical|Outros|title
f-menu-invest|carteirafundos-integ-copy-206|Lógica|Conservador|title
f-menu-invest|carteirafundos-integ-copy-206|Lógica|Moderado|title
f-menu-invest|carteirafundos-integ-copy-206|Lógica|Arrojado|title
f-menu-invest|carteirafundos-integ-copy-206|Lógica|Agressivo 1|title
f-menu-invest|carteirafundos-integ-copy-206|Lógica|Agressivo 2|title
f-menu-invest|deseja-ver-carteira1-copy-206|Múltipla Escolha|Deseja visualizar a carteira para esse perfil?|message
f-menu-invest|deseja-ver-carteira1-copy-206|Múltipla Escolha|Sim|title
f-menu-invest|deseja-ver-carteira1-copy-206|Múltipla Escolha|Não|title
f-menu-invest|deseja-ver-carteira1-copy-206|Múltipla Escolha|Outros|title
f-menu-invest|deseja-ver-carteira2-copy-206|Múltipla Escolha|Deseja visualizar a carteira para esse perfil?|message
f-menu-invest|deseja-ver-carteira2-copy-206|Múltipla Escolha|Sim|title
f-menu-invest|deseja-ver-carteira2-copy-206|Múltipla Escolha|Não|title
f-menu-invest|deseja-ver-carteira2-copy-206|Múltipla Escolha|Outros|title
f-menu-invest|deseja-ver-carteira3-copy-206|Múltipla Escolha|Deseja visualizar a carteira para esse perfil?|message
f-menu-invest|deseja-ver-carteira3-copy-206|Múltipla Escolha|Sim|title
f-menu-invest|deseja-ver-carteira3-copy-206|Múltipla Escolha|Não|title
f-menu-invest|deseja-ver-carteira3-copy-206|Múltipla Escolha|Outros|title
f-menu-invest|deseja-ver-carteira5-copy-206|Múltipla Escolha|Deseja visualizar a carteira para esse perfil?|message
f-menu-invest|deseja-ver-carteira5-copy-206|Múltipla Escolha|Sim|title
f-menu-invest|deseja-ver-carteira5-copy-206|Múltipla Escolha|Não|title
f-menu-invest|deseja-ver-carteira5-copy-206|Múltipla Escolha|Outros|title
f-menu-invest|txt-conservador-copy-206|Mensagem|Essa é uma carteira para quem quer investir de forma conservadora, com risco reduzido, mesmo que esse portfólio não gere rendimentos ou retornos significativos, além de poder, ou não, acompanhar a inflação.|message
f-menu-invest|txt-conservador-copy-206|Mensagem|Saída|title
f-menu-invest|txt-moderado-copy-206|Mensagem|Essa é uma carteira para quem quer investir de forma conservadora, com risco reduzido, mesmo que esse portfólio não gere rendimentos ou retornos significativos, além de poder, ou não, acompanhar a inflação.|message
f-menu-invest|txt-moderado-copy-206|Mensagem|Saída|title
f-menu-invest|txt-arrojado-copy-206|Mensagem|Essa é uma carteira para quem está disposto a aceitar algum risco para o capital principal, que tolera alguma volatilidade para buscar retornos mais altos, e que entende que pode perder uma parte dos recursos investidos.|message
f-menu-invest|txt-arrojado-copy-206|Mensagem|Saída|title
f-menu-invest|txt-agressivoo-copy-206|Mensagem|Essa é uma carteira para quem está disposto a aceitar algum risco para o capital principal, que tolera alguma volatilidade para buscar retornos mais altos, e que entende que pode perder uma parte dos recursos investidos.|message
f-menu-invest|txt-agressivoo-copy-206|Mensagem|Saída|title
f-menu-invest|maisinfos-copy-206|Múltipla Escolha|Deseja obter mais informações sobre esta Carteira Recomendada?|message
f-menu-invest|maisinfos-copy-206|Múltipla Escolha|Sim|title
f-menu-invest|maisinfos-copy-206|Múltipla Escolha|Não|title
f-menu-invest|maisinfos-copy-206|Múltipla Escolha|Outros|title
f-menu-invest|opcoes-ideias-cart|Carrosel Vertical|Tudo bem. Selecione o perfil da carteira que você tem interesse em investir.|message
f-menu-invest|opcoes-ideias-cart|Carrosel Vertical|Perfil Conservador|title
f-menu-invest|opcoes-ideias-cart|Carrosel Vertical|Perfil Moderado|title
f-menu-invest|opcoes-ideias-cart|Carrosel Vertical|Perfil Arrojado|title
f-menu-invest|opcoes-ideias-cart|Carrosel Vertical|Perfil Agressivo|title
f-menu-invest|opcoes-ideias-cart|Carrosel Vertical|Outros|title
f-menu-invest|opcoes-carteiras-txt-copy-206|Lógica|Perfil Conservador|title
f-menu-invest|opcoes-carteiras-txt-copy-206|Lógica|Perfil Moderado|title
f-menu-invest|opcoes-carteiras-txt-copy-206|Lógica|Perfil Arrojado|title
f-menu-invest|opcoes-carteiras-txt-copy-206|Lógica|Perfil Agressivo|title
f-menu-invest|opcoes-carteiras-txt-copy-206|Lógica||title
f-menu-invest|enviaoutros17-copy-206|Lógica|Saída|title
f-menu-invest|integracao-ideias-et|Lógica|Conservador|title
f-menu-invest|integracao-ideias-et|Lógica|Moderado|title
f-menu-invest|integracao-ideias-et|Lógica|Arrojado|title
f-menu-invest|integracao-ideias-et|Lógica|Agressivo 1|title
f-menu-invest|integracao-ideias-et|Lógica|Agressivo 2|title
f-menu-invest|conservadora-ideias|Múltipla Escolha|Deseja visualizar a carteira para esse perfil?|message
f-menu-invest|conservadora-ideias|Múltipla Escolha|Sim|title
f-menu-invest|conservadora-ideias|Múltipla Escolha|Não|title
f-menu-invest|conservadora-ideias|Múltipla Escolha|Outros|title
f-menu-invest|moderado-ideais|Múltipla Escolha|Deseja visualizar a carteira para esse perfil?|message
f-menu-invest|moderado-ideais|Múltipla Escolha|Sim|title
f-menu-invest|moderado-ideais|Múltipla Escolha|Não|title
f-menu-invest|moderado-ideais|Múltipla Escolha|Outros|title
f-menu-invest|arrojado-ideias|Múltipla Escolha|Deseja visualizar a carteira para esse perfil?|message
f-menu-invest|arrojado-ideias|Múltipla Escolha|Sim|title
f-menu-invest|arrojado-ideias|Múltipla Escolha|Não|title
f-menu-invest|arrojado-ideias|Múltipla Escolha|Outros|title
f-menu-invest|conservador-ideias|Múltipla Escolha|Deseja visualizar a carteira para esse perfil?|message
f-menu-invest|conservador-ideias|Múltipla Escolha|Sim|title
f-menu-invest|conservador-ideias|Múltipla Escolha|Não|title
f-menu-invest|conservador-ideias|Múltipla Escolha|Outros|title
f-menu-invest|texto-conservador-copy-207|Mensagem|Essa é uma carteira para quem quer investir de forma conservadora, com risco reduzido, mesmo que esse portfólio não gere rendimentos ou retornos significativos, além de poder, ou não, acompanhar a inflação.|message
f-menu-invest|texto-conservador-copy-207|Mensagem|Saída|title
f-menu-invest|texto-moderado-copy-207|Mensagem|Essa é uma carteira para quem quer investir de forma conservadora, com risco reduzido, mesmo que esse portfólio não gere rendimentos ou retornos significativos, além de poder, ou não, acompanhar a inflação.|message
f-menu-invest|texto-moderado-copy-207|Mensagem|Saída|title
f-menu-invest|texto-arrojado-copy-207|Mensagem|Essa é uma carteira para quem está disposto a aceitar algum risco para o capital principal, que tolera alguma volatilidade para buscar retornos mais altos, e que entende que pode perder uma parte dos recursos investidos.|message
f-menu-invest|texto-arrojado-copy-207|Mensagem|Saída|title
f-menu-invest|texto-agressivo-copy-207|Mensagem|Essa é uma carteira para quem está disposto a aceitar algum risco para o capital principal, que tolera alguma volatilidade para buscar retornos mais altos, e que entende que pode perder uma parte dos recursos investidos.|message
f-menu-invest|texto-agressivo-copy-207|Mensagem|Saída|title
f-menu-invest|carteira-etfs-copy-207|Carrosel Vertical|Tudo bem. Selecione o perfil da carteira que você tem interesse em investir.|message
f-menu-invest|carteira-etfs-copy-207|Carrosel Vertical|Perfil Conservador|title
f-menu-invest|carteira-etfs-copy-207|Carrosel Vertical|Perfil Moderado|title
f-menu-invest|carteira-etfs-copy-207|Carrosel Vertical|Perfil Arrojado|title
f-menu-invest|carteira-etfs-copy-207|Carrosel Vertical|Perfil Agressivo|title
f-menu-invest|carteira-etfs-copy-207|Carrosel Vertical|Outros|title
f-menu-invest|enviaoutros19-copy-207|Lógica|Saída|title
f-menu-invest|carteira-etf-txt-copy-207|Lógica|Perfil Conservador|title
f-menu-invest|carteira-etf-txt-copy-207|Lógica|Perfil Moderado|title
f-menu-invest|carteira-etf-txt-copy-207|Lógica|Perfil Arrojado|title
f-menu-invest|carteira-etf-txt-copy-207|Lógica|Perfil Agressivo|title
f-menu-invest|carteira-etf-txt-copy-207|Lógica||title
f-menu-invest|infosmais-etfs-copy-207|Múltipla Escolha|Deseja obter mais informações sobre esta Carteira Recomendada?|message
f-menu-invest|infosmais-etfs-copy-207|Múltipla Escolha|Sim|title
f-menu-invest|infosmais-etfs-copy-207|Múltipla Escolha|Não|title
f-menu-invest|infosmais-etfs-copy-207|Múltipla Escolha|Outros|title
f-menu-invest|relatorio-completo-copy-207|Mensagem|Apresentamos diversos relatórios que visam auxiliar o investidor na tomada de decisão da sua alocação de recursos. Clique no documento para realizar download e verifique o relatório completo.|message
f-menu-invest|relatorio-completo-copy-207|Mensagem|Saída|title
f-menu-invest|doc-relatorio-copy-207|Mensagem|https://avenue.us/assets/pdf/selecao-carteiras-recomendadas-de-etf.pdf|message
f-menu-invest|doc-relatorio-copy-207|Mensagem|Saída|title
f-menu-invest|grava-ideias|Lógica|Quero investir somente via ETFs|title
f-menu-invest|grava-ideias|Lógica|Quero ideias com ações|title
f-menu-invest|grava-ideias|Lógica|Quero investir no mercado imobiliário|title
f-menu-invest|grava-ideias|Lógica|Quero estar atrelado a renda fixa|title
f-menu-invest|grava-ideias|Lógica||title
f-menu-invest|ideias-invest-ideias|Carrosel Vertical|São essas as opções de investimentos:|message
f-menu-invest|ideias-invest-ideias|Carrosel Vertical|Dividendos|title
f-menu-invest|ideias-invest-ideias|Carrosel Vertical|Ideias em foco|title
f-menu-invest|ideias-invest-ideias|Carrosel Vertical|Small e MidCaps|title
f-menu-invest|ideias-invest-ideias|Carrosel Vertical|Empresas de valor|title
f-menu-invest|ideias-invest-ideias|Carrosel Vertical|Empresas de crescimento|title
f-menu-invest|ideias-invest-ideias|Carrosel Vertical|Voltar|title
f-menu-invest|ideias-invest-ideias|Carrosel Vertical|Outros|title
f-menu-invest|outros-ideias|Lógica|Saída|title
f-menu-invest|ideias-txt-ideias|Lógica|Dividendos|title
f-menu-invest|ideias-txt-ideias|Lógica|Ideias em foco|title
f-menu-invest|ideias-txt-ideias|Lógica|Small e MidCaps|title
f-menu-invest|ideias-txt-ideias|Lógica|Empresas de valor|title
f-menu-invest|ideias-txt-ideias|Lógica|Empresas de crescimento|title
f-menu-invest|ideias-txt-ideias|Lógica||title
f-menu-invest|reits-ideias|Mensagem|https://i.imgur.com/kZzG3mE.png|message
f-menu-invest|reits-ideias|Mensagem|Saída|title
f-menu-invest|rendafixa-ideias|Carrosel Vertical|São essas as opções de investimentos:|message
f-menu-invest|rendafixa-ideias|Carrosel Vertical|Renda fixa|title
f-menu-invest|rendafixa-ideias|Carrosel Vertical|Preservação de capital|title
f-menu-invest|rendafixa-ideias|Carrosel Vertical|Voltar|title
f-menu-invest|rendafixa-ideias|Carrosel Vertical|Outros|title
f-menu-invest|outros-rendafixa|Lógica|Saída|title
f-menu-invest|rendafixa-ideias-txt|Lógica|Renda fixa|title
f-menu-invest|rendafixa-ideias-txt|Lógica|Preservação de capital|title
f-menu-invest|rendafixa-ideias-txt|Lógica||title
f-menu-invest|renda-fixa-imagem-copy-208|Mensagem|https://i.imgur.com/OWaR6AY.png|message
f-menu-invest|renda-fixa-imagem-copy-208|Mensagem|Saída|title
f-menu-invest|preservacao-capital-copy-208|Mensagem|https://i.imgur.com/zWUIqC5.png|message
f-menu-invest|preservacao-capital-copy-208|Mensagem|Saída|title
f-menu-invest|foco-ideias|Mensagem|https://i.imgur.com/xFd5SH0.png|message
f-menu-invest|foco-ideias|Mensagem|Saída|title
f-menu-invest|dividendos-ideias|Mensagem|https://i.imgur.com/uRo3Tbg.png|message
f-menu-invest|dividendos-ideias|Mensagem|Saída|title
f-menu-invest|smallmids-ideias|Mensagem|https://i.imgur.com/EiPTuck.png|message
f-menu-invest|smallmids-ideias|Mensagem|Saída|title
f-menu-invest|valor-ideias|Mensagem|https://i.imgur.com/uOL8OCu.png|message
f-menu-invest|valor-ideias|Mensagem|Saída|title
f-menu-invest|crescimento-ideias|Mensagem|https://i.imgur.com/lnYo9nL.png|message
f-menu-invest|crescimento-ideias|Mensagem|Saída|title
f-menu-invest|ideias-acoes-ideias|Múltipla Escolha|Deseja visualizar este relatório completo?|message
f-menu-invest|ideias-acoes-ideias|Múltipla Escolha|Sim|title
f-menu-invest|ideias-acoes-ideias|Múltipla Escolha|Não|title
f-menu-invest|ideias-acoes-ideias|Múltipla Escolha|Outros|title
f-menu-invest|opcoes-menu-ideias|Carrosel Vertical|Sobre qual assunto gostaria de falar?|message
f-menu-invest|opcoes-menu-ideias|Carrosel Vertical|Quero investir somente via ETFs|title
f-menu-invest|opcoes-menu-ideias|Carrosel Vertical|Quero ideias com ações|title
f-menu-invest|opcoes-menu-ideias|Carrosel Vertical|Quero investir no mercado imobiliário|title
f-menu-invest|opcoes-menu-ideias|Carrosel Vertical|Quero estar atrelado a renda fixa|title
f-menu-invest|opcoes-menu-ideias|Carrosel Vertical|Voltar|title
f-menu-invest|opcoes-menu-ideias|Carrosel Vertical|Outros|title
f-menu-invest|teste-tipo-conta|Lógica|Saída|title
f-menu-invest|duvida-transfbonds|Múltipla Escolha|Deseja falar com um especialista digital e consultar a disponibilidade de transferência?|message
f-menu-invest|duvida-transfbonds|Múltipla Escolha|Sim|title
f-menu-invest|duvida-transfbonds|Múltipla Escolha|Não|title
f-menu-invest|duvida-transfbonds|Múltipla Escolha|Outros|title
f-menu-invest|opcoes-bonds-txt-copy-209|Lógica|Saída|title
f-menu-invest|opcoes-bonds-txt-copy-209|Lógica||title
f-menu-invest|relatorio-completo-copy-210|Mensagem|Apresentamos diversos relatórios que visam auxiliar o investidor na tomada de decisão da sua alocação de recursos. Clique no documento para realizar download e verifique o relatório completo.|message
f-menu-invest|relatorio-completo-copy-210|Mensagem|Saída|title
f-menu-invest|doc-relatorio-copy-211|Mensagem|https://avenue.us/assets/pdf/selecao-carteiras-recomendadas-de-fundos.pdf|message
f-menu-invest|doc-relatorio-copy-211|Mensagem|Saída|title
f-menu-invest|relatorio-completo-copy-212|Mensagem|Apresentamos diversos relatórios que visam auxiliar o investidor na tomada de decisão da sua alocação de recursos. Clique no documento para realizar download e verifique o relatório completo.|message
f-menu-invest|relatorio-completo-copy-212|Mensagem|Saída|title
f-menu-invest|doc-relatorio-copy-213|Mensagem|https://avenue.us/assets/pdf/selecao-teses-investimento.pdf|message
f-menu-invest|doc-relatorio-copy-213|Mensagem|Saída|title
g-little-bot|menu-little|Carrosel Vertical|Olá, {{user.name}}!|message
g-little-bot|menu-little|Carrosel Vertical|Depósito|title
g-little-bot|menu-little|Carrosel Vertical|Câmbio|title
g-little-bot|menu-little|Carrosel Vertical|Cadastro|title
g-little-bot|menu-little|Carrosel Vertical|Investimentos|title
g-little-bot|menu-little|Carrosel Vertical|Banking|title
g-little-bot|menu-little|Carrosel Vertical|Outras dúvidas|title
g-little-bot|menu-little|Carrosel Vertical|Outros|title
g-little-bot|integra-primeiro-dep|Lógica|Saída true|title
g-little-bot|integra-primeiro-dep|Lógica|Saída false|title
g-little-bot|sim-nao|Múltipla Escolha|Identifiquei que você ainda não fez um primeiro depósito, quer os dados para sua primeira operação? |message
g-little-bot|sim-nao|Múltipla Escolha|Sim|title
g-little-bot|sim-nao|Múltipla Escolha|Não|title
g-little-bot|sim-nao|Múltipla Escolha|Outros|title
g-little-bot|dep-sim|Mensagem|"Para realizar um Pix, você deve utilizar a chave *e-mail*: pix@avenue.us.

Agora, para fazer uma transferência via TED, acesse sua conta, na aba principal, clique em ""*Depósito*"".
"|message
g-little-bot|dep-sim|Mensagem|Saída|title
g-little-bot|opcoes-fin|Carrosel Vertical||message
g-little-bot|opcoes-fin|Carrosel Vertical|Depósito em dólares|title
g-little-bot|opcoes-fin|Carrosel Vertical|Problemas com depósitos|title
g-little-bot|opcoes-fin|Carrosel Vertical|Especialista digital|title
g-little-bot|opcoes-fin|Carrosel Vertical|Finalizar atendimento|title
g-little-bot|opcoes-fin|Carrosel Vertical|Voltar|title
g-little-bot|opcoes-fin|Carrosel Vertical|Outros|title
g-little-bot|texto-fin|Lógica|Depósito em dólares|title
g-little-bot|texto-fin|Lógica|Problemas com depósitos|title
g-little-bot|texto-fin|Lógica||title
g-little-bot|opcoes-marcada|Carrosel Vertical|Estou vendo que você já fez seu primeiro depósito. Você precisa dos dados de depósito novamente?|message
g-little-bot|opcoes-marcada|Carrosel Vertical|Depósito em reais|title
g-little-bot|opcoes-marcada|Carrosel Vertical|Depósito em dólares|title
g-little-bot|opcoes-marcada|Carrosel Vertical|Tenho um problema com depósito|title
g-little-bot|opcoes-marcada|Carrosel Vertical|Outras dúvidas sobre depósitos|title
g-little-bot|opcoes-marcada|Carrosel Vertical|Voltar|title
g-little-bot|opcoes-marcada|Carrosel Vertical|Outros|title
g-little-bot|problema-dep|Mensagem|Tudo bem. Irei te conectar com um especialista digital.|message
g-little-bot|problema-dep|Mensagem|Saída|title
g-little-bot|auc-balance-br|Lógica|Fora do horário|title
g-little-bot|auc-balance-br|Lógica|Maior que 200 horario|title
g-little-bot|auc-balance-br|Lógica|Menor que 200|title
g-little-bot|sim-nao-1|Múltipla Escolha|Identifiquei que você fez um depósito na sua conta recentemente, quer que eu te conecte com um especialista digital para que ele te ajude na operação de câmbio?|message
g-little-bot|sim-nao-1|Múltipla Escolha|Sim|title
g-little-bot|sim-nao-1|Múltipla Escolha|Não|title
g-little-bot|sim-nao-1|Múltipla Escolha|Outros|title
g-little-bot|grava-caminhos|Lógica|Depósito|title
g-little-bot|grava-caminhos|Lógica|Câmbio|title
g-little-bot|grava-caminhos|Lógica|Cadastro|title
g-little-bot|grava-caminhos|Lógica|Investimentos|title
g-little-bot|grava-caminhos|Lógica|Banking|title
g-little-bot|grava-caminhos|Lógica|Outras dúvidas|title
g-little-bot|grava-caminhos|Lógica||title
g-little-bot|banking|Teste A/B|Atendimento Banking|title
g-little-bot|banking|Teste A/B|Menu de Banking|title
g-little-bot|menu-cadastro|Carrosel Vertical||message
g-little-bot|menu-cadastro|Carrosel Vertical|Alteração de dados cadastrais|title
g-little-bot|menu-cadastro|Carrosel Vertical|Menu completo de cadastro|title
g-little-bot|menu-cadastro|Carrosel Vertical|Quero ajuda com meu cadastro|title
g-little-bot|menu-cadastro|Carrosel Vertical|Voltar|title
g-little-bot|menu-cadastro|Carrosel Vertical|Outros|title
g-little-bot|menu-outras-duvidas|Carrosel Vertical||message
g-little-bot|menu-outras-duvidas|Carrosel Vertical|Retirada|title
g-little-bot|menu-outras-duvidas|Carrosel Vertical|Impostos e saída fiscal|title
g-little-bot|menu-outras-duvidas|Carrosel Vertical|Encerramento de conta|title
g-little-bot|menu-outras-duvidas|Carrosel Vertical|Caso de falecimento|title
g-little-bot|menu-outras-duvidas|Carrosel Vertical|Taxas e custos|title
g-little-bot|menu-outras-duvidas|Carrosel Vertical|Quero ajuda para outros assuntos|title
g-little-bot|menu-outras-duvidas|Carrosel Vertical|Voltar|title
g-little-bot|menu-outras-duvidas|Carrosel Vertical|Outros|title
g-little-bot|textos-outras-duvida|Lógica|Retirada|title
g-little-bot|textos-outras-duvida|Lógica|Impostos e saída fiscal|title
g-little-bot|textos-outras-duvida|Lógica|Encerramento de conta|title
g-little-bot|textos-outras-duvida|Lógica|Caso de falecimento|title
g-little-bot|textos-outras-duvida|Lógica|Taxas e custos|title
g-little-bot|textos-outras-duvida|Lógica|Quero ajuda para outros assuntos|title
g-little-bot|textos-outras-duvida|Lógica||title
g-little-bot|outros-1|Lógica|Saída|title
g-little-bot|envia-menu-cad|Mensagem|Um momento, estou te transferindo para o menu completo.|message
g-little-bot|envia-menu-cad|Mensagem|Saída|title
g-little-bot|envia-menu-taxas|Mensagem|Um momento, estou te transferindo para o menu completo.|message
g-little-bot|envia-menu-taxas|Mensagem|Saída|title
g-little-bot|outros-2|Lógica|Saída|title
g-little-bot|outros-3|Lógica|Saída|title
g-little-bot|outros-4|Lógica|Saída|title
g-little-bot|outros-5-copy-7|Lógica|Saída|title
menu-principal|enviaroutros|Lógica|Saída|title
menu-principal|recados-importantes|Mensagem||message
menu-principal|recados-importantes|Mensagem|Saída|title
menu-principal|gravar-outros|Lógica|Saída|title
menu-principal|grava-banking|Lógica|Saída|title
menu-principal|opcoes-invest|Carrosel Vertical|Hoje você gostaria de falar sobre qual assunto?|message
menu-principal|opcoes-invest|Carrosel Vertical|Dúvida sobre a conta|title
menu-principal|opcoes-invest|Carrosel Vertical|Ideias para investir|title
menu-principal|opcoes-invest|Carrosel Vertical|Outros|title
menu-principal|opcoes-invest1|Carrosel Vertical||message
menu-principal|opcoes-invest1|Carrosel Vertical|Alteração de dados|title
menu-principal|opcoes-invest1|Carrosel Vertical|Depósito em reais|title
menu-principal|opcoes-invest1|Carrosel Vertical|Depósito em dólares|title
menu-principal|opcoes-invest1|Carrosel Vertical|Como fazer um câmbio|title
menu-principal|opcoes-invest1|Carrosel Vertical|Imposto de Renda 2024|title
menu-principal|opcoes-invest1|Carrosel Vertical|Menu completo|title
menu-principal|opcoes-invest1|Carrosel Vertical|Outros|title
menu-principal|gravacaminho-duvidas|Lógica|Saída|title
menu-principal|gravacaminho-ideias|Lógica|Saída|title
menu-principal|opcoes-secundarias|Carrosel Vertical|Sobre qual assunto gostaria de falar?|message
menu-principal|opcoes-secundarias|Carrosel Vertical|Câmbio|title
menu-principal|opcoes-secundarias|Carrosel Vertical|Conta e cadastro|title
menu-principal|opcoes-secundarias|Carrosel Vertical|Taxas e custos|title
menu-principal|opcoes-secundarias|Carrosel Vertical|Produtos de Investimentos|title
menu-principal|opcoes-secundarias|Carrosel Vertical|Impostos e seguranças|title
menu-principal|opcoes-secundarias|Carrosel Vertical|Depósito e transferências|title
menu-principal|opcoes-secundarias|Carrosel Vertical|Voltar|title
menu-principal|opcoes-secundarias|Carrosel Vertical|Outros|title
menu-principal|envia-outros-7|Lógica|Saída|title
menu-principal|envia-outros-8|Lógica|Saída|title
menu-principal|envia-outros-9|Lógica|Saída|title
menu-principal|identifica-banking|Lógica|Conta Banking|title
menu-principal|identifica-banking|Lógica|Não tem Banking|title
menu-principal|grava-caminho-geral|Lógica|Alteração de dados|title
menu-principal|grava-caminho-geral|Lógica|Depósito em reais|title
menu-principal|grava-caminho-geral|Lógica|Depósito em dólares|title
menu-principal|grava-caminho-geral|Lógica|Como fazer um câmbio|title
menu-principal|grava-caminho-geral|Lógica|Imposto de Renda 2024|title
menu-principal|grava-caminho-geral|Lógica|Menu completo|title
menu-principal|grava-caminho-geral2|Lógica|Câmbio|title
menu-principal|grava-caminho-geral2|Lógica|Conta e cadastro|title
menu-principal|grava-caminho-geral2|Lógica|Produtos de Investimentos|title
menu-principal|grava-caminho-geral2|Lógica|Impostos e seguranças|title
menu-principal|grava-caminho-geral2|Lógica|Depósito e transferências|title
menu-principal|grava-caminho-geral2|Lógica|Taxas e custos|title
menu-principal|atendimento-humano|Carrosel Vertical|Entendi que você quer falar com um dos nossos *especialistas digitais*, selecione sobre *qual conta* vamos falar hoje:|message
menu-principal|atendimento-humano|Carrosel Vertical|Conta investimentos|title
menu-principal|atendimento-humano|Carrosel Vertical|Conta banking|title
menu-principal|atendimento-humano|Carrosel Vertical|Outros|title
menu-principal|menu-principal2|Múltipla Escolha|"Olá, {{user.name}}!

Sobre qual assunto você gostaria de falar hoje?

Escolha uma das opções ou digite em poucas palavras:"|message
menu-principal|menu-principal2|Múltipla Escolha|Investimentos|title
menu-principal|menu-principal2|Múltipla Escolha|Banking|title
menu-principal|menu-principal2|Múltipla Escolha|Outros|title
menu-principal|grava-invest2|Lógica|Saída|title
menu-principal|envia-dep-voltar|Carrosel Vertical|Você deseja visualizar o menu de Depósito, retirada e transferências? |message
menu-principal|envia-dep-voltar|Carrosel Vertical|Sim|title
menu-principal|envia-dep-voltar|Carrosel Vertical|Voltar ao menu|title
menu-principal|envia-dep-voltar|Carrosel Vertical|Outros|title
menu-principal|envia-outros-7-copy-139|Lógica|Saída|title
menu-principal|logica-timer|Lógica|Passou|title
menu-principal|logica-timer|Lógica|Não passou|title
menu-principal|timer-aviso-atend|Lógica|Dentro do Horário Banking|title
menu-principal|timer-aviso-atend|Lógica|Fora de Horário Banking|title
menu-principal|timer-banking|Lógica|Dentro do Horário Banking|title
menu-principal|timer-banking|Lógica|Fora de Horário Banking|title
nps|msg-nota|Mensagem|Por favor, digite um número de 1 a 5. |message
nps|msg-nota|Mensagem|Saída|title
nps|timer-3ss|Lógica|Saída|title
nps|variavel-invest|Lógica|Saída|title
nps|feedback-pesq-promot|Pergunta||message
nps|feedback-pesq-promot|Pergunta|Saída|title
nps|feedback-pesq-promot|Pergunta|Outros|title
nps|selecao-nps-p|Carrosel Vertical|o que você mais valorizou neste atendimento?|message
nps|selecao-nps-p|Carrosel Vertical|Clareza nas respostas|title
nps|selecao-nps-p|Carrosel Vertical|Agilidade|title
nps|selecao-nps-p|Carrosel Vertical|Cordialidade|title
nps|selecao-nps-p|Carrosel Vertical|⠀Outros|title
nps|selecao-nps-p|Carrosel Vertical|Outros|title
nps|novo-nps-bot|Carrosel Vertical|Eu consegui sanar suas dúvidas?|message
nps|novo-nps-bot|Carrosel Vertical|Sim|title
nps|novo-nps-bot|Carrosel Vertical|Não|title
nps|novo-nps-bot|Carrosel Vertical|Parcialmente|title
nps|novo-nps-bot|Carrosel Vertical|Finalizar atendimento|title
nps|novo-nps-bot|Carrosel Vertical|Outros|title
nps|opcoes-caminhos|Carrosel Vertical|Selecione a opção desejada|message
nps|opcoes-caminhos|Carrosel Vertical|Falar com atendente|title
nps|opcoes-caminhos|Carrosel Vertical|Menu principal|title
nps|opcoes-caminhos|Carrosel Vertical|Deixe seu feedback/comentário.|title
nps|opcoes-caminhos|Carrosel Vertical|Outros|title
nps|api-n8n-nps2|Lógica|OK|title
nps|api-n8n-nps2|Lógica|N-OK|title
nps|nota-nps|Carrosel Vertical|Me diga, em uma escala de *1* a *5* , sendo 1 péssimo e 5 excelente, qual nota você dá para o nosso atendimento?|message
nps|nota-nps|Carrosel Vertical|1|title
nps|nota-nps|Carrosel Vertical|2|title
nps|nota-nps|Carrosel Vertical|3|title
nps|nota-nps|Carrosel Vertical|4|title
nps|nota-nps|Carrosel Vertical|5|title
nps|nota-nps|Carrosel Vertical|Outros|title
nps|nota-verifica|Lógica|invalido|title
nps|nota-verifica|Lógica|promotor|title
nps|nota-verifica|Lógica|neutro|title
nps|nota-verifica|Lógica|detrator|title
nps|feedback-pesq-detrat|Pergunta||message
nps|feedback-pesq-detrat|Pergunta|Saída|title
nps|feedback-pesq-detrat|Pergunta|Outros|title
nps|api-n8n-nps|Lógica|OK|title
nps|api-n8n-nps|Lógica|N-OK|title
nps|direciona-escolha|Lógica|Falar com atendente|title
nps|direciona-escolha|Lógica|Menu principal|title
nps|direciona-escolha|Lógica|Livechat|title
nps|o-quer-encontrar|Pergunta||message
nps|o-quer-encontrar|Pergunta|Saída|title
nps|o-quer-encontrar|Pergunta|Outros|title
nps|conteudo-avenue|Carrosel Vertical|Existe algum tipo de conteúdo ou produto que você gostaria de encontrar na Avenue?|message
nps|conteudo-avenue|Carrosel Vertical|Sim|title
nps|conteudo-avenue|Carrosel Vertical|Não|title
nps|conteudo-avenue|Carrosel Vertical|Outros|title
nps|api-n8n-nps2-copia|Lógica|OK|title
nps|api-n8n-nps2-copia|Lógica|N-OK|title
nps|nota-nps-atendimento|Carrosel Vertical|Me diga, em uma escala de *1* a *5* , sendo 1 péssimo e 5 excelente, qual nota você dá para o nosso atendimento?|message
nps|nota-nps-atendimento|Carrosel Vertical|1|title
nps|nota-nps-atendimento|Carrosel Vertical|2|title
nps|nota-nps-atendimento|Carrosel Vertical|3|title
nps|nota-nps-atendimento|Carrosel Vertical|4|title
nps|nota-nps-atendimento|Carrosel Vertical|5|title
nps|nota-nps-atendimento|Carrosel Vertical|Outros|title
nps|nota-verifica-copia|Lógica|invalido|title
nps|nota-verifica-copia|Lógica|promotor|title
nps|nota-verifica-copia|Lógica|neutro|title
nps|nota-verifica-copia|Lógica|detrator|title
nps|novo-nps-humano|Carrosel Vertical|O especialista conseguiu esclarecer todas as suas dúvidas hoje? |message
nps|novo-nps-humano|Carrosel Vertical|Sim|title
nps|novo-nps-humano|Carrosel Vertical|Não|title
nps|novo-nps-humano|Carrosel Vertical|Finalizar atendimento|title
nps|novo-nps-humano|Carrosel Vertical|Outros|title
nps|o-que-faltou|Pergunta||message
nps|o-que-faltou|Pergunta|Saída|title
nps|o-que-faltou|Pergunta|Outros|title
nps|qual-corretora|Pergunta||message
nps|qual-corretora|Pergunta|Saída|title
nps|qual-corretora|Pergunta|Outros|title
nps|neutro-nps-bot|Pergunta||message
nps|neutro-nps-bot|Pergunta|Saída|title
nps|neutro-nps-bot|Pergunta|Outros|title
nps|detrator-nps-bot|Pergunta||message
nps|detrator-nps-bot|Pergunta|Saída|title
nps|detrator-nps-bot|Pergunta|Outros|title
nps|nota-investe-corret|Carrosel Vertical|Você investe através de outra corretora?|message
nps|nota-investe-corret|Carrosel Vertical|Sim|title
nps|nota-investe-corret|Carrosel Vertical|Não|title
nps|nota-investe-corret|Carrosel Vertical|Outros|title
nps|assessoria-nps|Carrosel Vertical|Você tem interesse em conhecer sobre o serviço de Assessoria da Avenue?|message
nps|assessoria-nps|Carrosel Vertical|Sim|title
nps|assessoria-nps|Carrosel Vertical|Não|title
nps|assessoria-nps|Carrosel Vertical|Outros|title
nps|logica-enviamensagem|Lógica|OK|title
nps|logica-enviamensagem|Lógica|N-OK|title
outros|palavras-chave|Lógica|Finaliza|title
outros|palavras-chave|Lógica|Login|title
outros|palavras-chave|Lógica|Sem sessão|title
outros|palavras-chave|Lógica|Cartão Banking|title
outros|palavras-chave|Lógica|Status de transação|title
outros|palavras-chave|Lógica|Perda Roubo ou Furto|title
outros|palavras-chave|Lógica|Transferencias Banking|title
outros|palavras-chave|Lógica|Como fazer câmbio|title
outros|palavras-chave|Lógica|câmbio instantâneo|title
outros|palavras-chave|Lógica|Deposito|title
outros|palavras-chave|Lógica|Retirada|title
outros|palavras-chave|Lógica|Transferir ativos|title
outros|palavras-chave|Lógica|Alteração de dados|title
outros|palavras-chave|Lógica|Conta conjunta|title
outros|palavras-chave|Lógica|Dificuldades de login|title
outros|palavras-chave|Lógica|Encerrar conta|title
outros|palavras-chave|Lógica|Imposto de renda|title
outros|palavras-chave|Lógica|Bonds|title
outros|palavras-chave|Lógica|CDs|title
outros|palavras-chave|Lógica|Ações|title
outros|palavras-chave|Lógica|ADRs|title
outros|palavras-chave|Lógica|ETFs|title
outros|palavras-chave|Lógica|REITs|title
outros|palavras-chave|Lógica|Aluguel de ativos|title
outros|palavras-chave|Lógica|Menu principal|title
outros|palavras-chave|Lógica|Renda fixa|title
outros|palavras-chave|Lógica|Renda Variável|title
outros|palavras-chave|Lógica|Falar com atendente|title
outros|palavras-chave|Lógica|Fcai|title
outros|trigger|Contexto aberto|Saída|title
outros|pega-input|Pergunta||message
outros|pega-input|Pergunta|Saída|title
outros|pega-input|Pergunta|Outros|title
outros|sem-sessao-lead|Mensagem|Parece que sua sessão expirou, vou precisar que preencha seus dados para seguir...|message
outros|sem-sessao-lead|Mensagem|Saída|title
outros|verifica-user|Lógica|Lead|title
outros|verifica-user|Lógica|Cliente|title
outros|sem-sessao-copy-3|Mensagem|Parece que sua sessão expirou, vou começar uma nova, só um momento...|message
outros|sem-sessao-copy-3|Mensagem|Saída|title
outros|informativo|Mensagem|ACIMA DESSE é BANKING|message
outros|informativo|Mensagem|Saída|title
n-conta-banking|introducao|Mensagem|Verifiquei que você ainda não possui sua conta Banking, sendo assim, neste menu você irá aprender como abrir sua conta. Não há custos para realizar a abertura.|message
n-conta-banking|introducao|Mensagem|Saída|title
n-conta-banking|texto-explicativo|Mensagem|"Para abrir a sua conta Banking, basta seguir o passo a passo abaixo:

1. Acesse sua conta;
2. Escolha a aba de Banking no menu inferior e clique em ""Abra sua conta"";
3. Assine os termos e escolha uma senha para seu cartão virtual;
4. Pronto, sua conta Banking estará aberta!"|message
n-conta-banking|texto-explicativo|Mensagem|Saída|title
n-conta-banking|texto-querconhecer|Múltipla Escolha|Quer conhecer mais as principais funcionalidades?|message
n-conta-banking|texto-querconhecer|Múltipla Escolha|Sim|title
n-conta-banking|texto-querconhecer|Múltipla Escolha|Não|title
n-conta-banking|texto-querconhecer|Múltipla Escolha|Outros|title
n-conta-banking|texto-|Mensagem|"Conheça outras vantagens de utilizar nossa conta:

- Liberdade de escolha: seu cartão Avenue é aceito em mais de 150 países. Possibilitando você fazer a reserva em uma única moeda (Dólar) e utilizar em todos os países aceitos sem a necessidade de troca.

- Muito mais economia: cartão de débito com 1,1% de IOF nas remessas de envio, enquanto cartões convencionais no mercado cobram 5,38%. Ou seja, uma economia de mais de 4% para gastar ou guardar.

- Transferência em dólar: com Avenue Banking você pode transferir saldo em dólar de sua conta para conta Avenue Banking de terceiros, sem custos.

Como você não possui uma conta Banking, irei direcioná-lo de volta ao menu principal. "|message
n-conta-banking|texto-|Mensagem|Saída|title
n-conta-banking|opcoes-n-conta-bank|Carrosel Vertical|Sobre qual assunto gostaria de falar?|message
n-conta-banking|opcoes-n-conta-bank|Carrosel Vertical|Câmbio|title
n-conta-banking|opcoes-n-conta-bank|Carrosel Vertical|Transferências|title
n-conta-banking|opcoes-n-conta-bank|Carrosel Vertical|Emissão do cartão físico|title
n-conta-banking|opcoes-n-conta-bank|Carrosel Vertical|Pagar e receber em dólares|title
n-conta-banking|opcoes-n-conta-bank|Carrosel Vertical|Funcionalidades Banking|title
n-conta-banking|opcoes-n-conta-bank|Carrosel Vertical|Outros|title
n-conta-banking|renda-fixa-txt|Lógica|Câmbio|title
n-conta-banking|renda-fixa-txt|Lógica|Transferências|title
n-conta-banking|renda-fixa-txt|Lógica|Emissão do cartão físico|title
n-conta-banking|renda-fixa-txt|Lógica|Pagar e receber em dólares|title
n-conta-banking|renda-fixa-txt|Lógica|Funcionalidades Banking|title
n-conta-banking|renda-fixa-txt|Lógica||title
n-conta-banking|enviaroutros|Lógica|Saída|title
n-conta-banking|opcoes-conhecerfunci|Carrosel Vertical|Sobre qual funcionalidade, você deseja obter informações?|message
n-conta-banking|opcoes-conhecerfunci|Carrosel Vertical|Saque|title
n-conta-banking|opcoes-conhecerfunci|Carrosel Vertical|Cashback|title
n-conta-banking|opcoes-conhecerfunci|Carrosel Vertical|Carteiras digitais e cartão virtual|title
n-conta-banking|opcoes-conhecerfunci|Carrosel Vertical|Voltar|title
n-conta-banking|opcoes-conhecerfunci|Carrosel Vertical|Outros|title
n-conta-banking|funcionalidades-txt|Lógica|Saída|title
n-conta-banking|enviaroutros-copy-2|Lógica|Saída|title
n-conta-banking|transf-bnk|Carrosel Vertical|Sobre qual assunto gostaria de falar?|message
n-conta-banking|transf-bnk|Carrosel Vertical|De Investimentos para Banking|title
n-conta-banking|transf-bnk|Carrosel Vertical|Entre contas Banking (P2P)|title
n-conta-banking|transf-bnk|Carrosel Vertical|Voltar|title
n-conta-banking|transf-bnk|Carrosel Vertical|Outros|title
n-conta-banking|enviaroutros-copy-3|Lógica|Saída|title
n-conta-banking|transf-ach|Carrosel Vertical|Sobre qual assunto gostaria de falar?|message
n-conta-banking|transf-ach|Carrosel Vertical|Receber em dólares|title
n-conta-banking|transf-ach|Carrosel Vertical|Pagar em dólares|title
n-conta-banking|transf-ach|Carrosel Vertical|Voltar|title
n-conta-banking|transf-ach|Carrosel Vertical|Outros|title
n-conta-banking|enviaroutros5|Lógica|Saída|title
n-conta-banking|opcoes-transf|Lógica|Saída|title
n-conta-banking|transf-ach-txt|Lógica|Saída|title
singular-client|demaisopcoes|Lógica|Saída|title
singular-client|variavel-cambio|Lógica|Saída|title
singular-client|api-verificabanker|Lógica|Murilo Souza|title
singular-client|api-verificabanker|Lógica|Kevin David|title
singular-client|api-verificabanker|Lógica|Eduardo Dischinger|title
singular-client|api-verificabanker|Lógica|Guilherme Almeida|title
singular-client|api-verificabanker|Lógica|Henrique Cunha|title
singular-client|api-verificabanker|Lógica|Henrique Barbosa|title
singular-client|api-verificabanker|Lógica|Alexandre Bernardini|title
singular-client|api-verificabanker|Lógica|Helena Segabinazzi|title
singular-client|api-verificabanker|Lógica|Saída não singular|title
singular-client|opcao-inves|Carrosel Vertical|Nossa conversa hoje é sobre alocação, ajustes de portfólio ou produtos disponíveis?|message
singular-client|opcao-inves|Carrosel Vertical|Sim|title
singular-client|opcao-inves|Carrosel Vertical|Não|title
singular-client|opcao-inves|Carrosel Vertical|Voltar|title
singular-client|opcao-inves|Carrosel Vertical|Outros|title
singular-client|menu-principial-sing|Carrosel Vertical|"Olá, {{user.name}}!

Verifiquei que você é um cliente Singular, uma segmentação exclusiva. 

Qual assunto você gostaria de tratar hoje?"|message
singular-client|menu-principial-sing|Carrosel Vertical|Investimentos|title
singular-client|menu-principial-sing|Carrosel Vertical|Banking|title
singular-client|menu-principial-sing|Carrosel Vertical|Outros|title
singular-client|opcoes-menus|Lógica|Investimentos|title
singular-client|opcoes-menus|Lógica|Banking|title
singular-client|opcoes-menus|Lógica||title
singular-client|criar-texto|Lógica||title
singular-client|criar-texto|Lógica||title
singular-client|criar-texto|Lógica||title
singular-client|timer-atend-singular-copy-1|Lógica|Fora de Horário Investimentos|title
singular-client|timer-atend-singular-copy-1|Lógica|Dentro do Horário Investimentos|title
singular-client|opcoes-singular|Carrosel Vertical|O que você deseja realizar?|message
singular-client|opcoes-singular|Carrosel Vertical|Especialista digital|title
singular-client|opcoes-singular|Carrosel Vertical|Encerrar atendimento|title
singular-client|opcoes-singular|Carrosel Vertical|Voltar|title
singular-client|opcoes-singular|Carrosel Vertical|Outros|title
e-menu-irpf-seg|opcao-impostoderenda|Carrosel Vertical|Selecione as opções desejadas:|message
e-menu-irpf-seg|opcao-impostoderenda|Carrosel Vertical|Imposto de renda|title
e-menu-irpf-seg|opcao-impostoderenda|Carrosel Vertical|Saída fiscal do Brasil|title
e-menu-irpf-seg|opcao-impostoderenda|Carrosel Vertical|Caso de falecimento|title
e-menu-irpf-seg|opcao-impostoderenda|Carrosel Vertical|Proteção Avenue|title
e-menu-irpf-seg|opcao-impostoderenda|Carrosel Vertical|Sucessão nos EUA|title
e-menu-irpf-seg|opcao-impostoderenda|Carrosel Vertical|Token|title
e-menu-irpf-seg|opcao-impostoderenda|Carrosel Vertical|Voltar|title
e-menu-irpf-seg|opcao-impostoderenda|Carrosel Vertical|Outros|title
e-menu-irpf-seg|opcoes-imposto2|Lógica|Saída|title
e-menu-irpf-seg|imposto-opcoes|Carrosel Vertical|Selecione as opções desejadas:|message
e-menu-irpf-seg|imposto-opcoes|Carrosel Vertical|Imposto de Renda 2024|title
e-menu-irpf-seg|imposto-opcoes|Carrosel Vertical|Tributação Investimentos|title
e-menu-irpf-seg|imposto-opcoes|Carrosel Vertical|Tributação de dividendos|title
e-menu-irpf-seg|imposto-opcoes|Carrosel Vertical|Impostos nos EUA|title
e-menu-irpf-seg|imposto-opcoes|Carrosel Vertical|Voltar|title
e-menu-irpf-seg|imposto-opcoes|Carrosel Vertical|Outros|title
e-menu-irpf-seg|enviaroutros|Lógica|Saída|title
e-menu-irpf-seg|outros-1|Lógica|Saída|title
e-menu-irpf-seg|txt-saidafiscal|Lógica|Imposto de renda|title
e-menu-irpf-seg|txt-saidafiscal|Lógica|Saída fiscal do Brasil|title
e-menu-irpf-seg|txt-saidafiscal|Lógica|Caso de falecimento|title
e-menu-irpf-seg|txt-saidafiscal|Lógica|Proteção Avenue|title
e-menu-irpf-seg|txt-saidafiscal|Lógica|Sucessão nos EUA|title
e-menu-irpf-seg|txt-saidafiscal|Lógica|Token|title
e-menu-irpf-seg|grava-caminho-copy-1|Lógica|Saída|title
e-menu-irpf-seg|grava-caminho-copy-1|Lógica||title
b-menu-taxas|menu-principal-taxas|Carrosel Vertical|"Acessando o link: https://avenue.us/custos, você terá acesso a todos os nossos custos.

Sobre qual assunto gostaria de falar?"|message
b-menu-taxas|menu-principal-taxas|Carrosel Vertical|Corretagens e planos|title
b-menu-taxas|menu-principal-taxas|Carrosel Vertical|Custos de câmbio|title
b-menu-taxas|menu-principal-taxas|Carrosel Vertical|Custos de depósitos|title
b-menu-taxas|menu-principal-taxas|Carrosel Vertical|Custos de retiradas|title
b-menu-taxas|menu-principal-taxas|Carrosel Vertical|Transferência de ativos|title
b-menu-taxas|menu-principal-taxas|Carrosel Vertical|Banking|title
b-menu-taxas|menu-principal-taxas|Carrosel Vertical|Voltar|title
b-menu-taxas|menu-principal-taxas|Carrosel Vertical|Outros|title
b-menu-taxas|custos-invest-text|Lógica|Saída|title
b-menu-taxas|custos-invest-text|Lógica||title
b-menu-taxas|pergunta-banking|Múltipla Escolha|Para visualizar os custos de Banking, irei te transferir para a estrutura de Banking, tudo bem?|message
b-menu-taxas|pergunta-banking|Múltipla Escolha|Sim|title
b-menu-taxas|pergunta-banking|Múltipla Escolha|Não|title
b-menu-taxas|pergunta-banking|Múltipla Escolha|Outros|title
b-menu-taxas|opcao-nao|Mensagem|Certo, irei te retornar para o menu anterior de custos.|message
b-menu-taxas|opcao-nao|Mensagem|Saída|title
b-menu-taxas|enviaroutros|Lógica|Saída|title
b-menu-taxas|grava-caminho|Lógica|Saída|title
b-menu-taxas|grava-caminho|Lógica||title
b-menu-taxas|opcoes-planocorretag|Carrosel Vertical||message
b-menu-taxas|opcoes-planocorretag|Carrosel Vertical|Planos|title
b-menu-taxas|opcoes-planocorretag|Carrosel Vertical|Corretagens|title
b-menu-taxas|opcoes-planocorretag|Carrosel Vertical|Voltar|title
b-menu-taxas|opcoes-planocorretag|Carrosel Vertical|Outros|title
b-menu-taxas|custos-invest-text-copy-2|Lógica|Saída|title
b-menu-taxas|custos-invest-text-copy-2|Lógica||title
b-menu-taxas|enviaroutros-copy-3|Lógica|Saída|title
d-menu-cadastro|opcoes-cadastro|Lógica|Alterar dados|title
d-menu-cadastro|opcoes-cadastro|Lógica|Conta conjunta|title
d-menu-cadastro|opcoes-cadastro|Lógica|Dificuldades de login|title
d-menu-cadastro|opcoes-cadastro|Lógica|Encerramento de conta|title
d-menu-cadastro|opcoes-cadastro|Lógica||title
d-menu-cadastro|enviaroutros|Lógica|Saída|title
d-menu-cadastro|menu-inicial-cad|Carrosel Vertical||message
d-menu-cadastro|menu-inicial-cad|Carrosel Vertical|Alterar dados|title
d-menu-cadastro|menu-inicial-cad|Carrosel Vertical|Conta conjunta|title
d-menu-cadastro|menu-inicial-cad|Carrosel Vertical|Dificuldades de login|title
d-menu-cadastro|menu-inicial-cad|Carrosel Vertical|Encerramento de conta|title
d-menu-cadastro|menu-inicial-cad|Carrosel Vertical|Voltar|title
d-menu-cadastro|menu-inicial-cad|Carrosel Vertical|Outros|title
d-menu-cadastro|alteracao-dados|Carrosel Vertical||message
d-menu-cadastro|alteracao-dados|Carrosel Vertical|Alterar e-mail|title
d-menu-cadastro|alteracao-dados|Carrosel Vertical|Alterar telefone|title
d-menu-cadastro|alteracao-dados|Carrosel Vertical|Alterar outros dados|title
d-menu-cadastro|alteracao-dados|Carrosel Vertical|Voltar|title
d-menu-cadastro|alteracao-dados|Carrosel Vertical|Outros|title
d-menu-cadastro|outros-alteracao|Lógica|Saída|title
d-menu-cadastro|opcoes-alteracao|Lógica|Alterar e-mail ou telefone|title
d-menu-cadastro|opcoes-alteracao|Lógica|Alterar outros dados|title
d-menu-cadastro|opcoes-alteracao|Lógica|Alterar outros dados|title
d-menu-cadastro|opcoes-alteracao|Lógica||title
d-menu-cadastro|grava-caminho4|Lógica|Saída|title
d-menu-cadastro|grava-caminho4|Lógica||title
d-menu-cadastro|dificuldade-login|Carrosel Vertical||message
d-menu-cadastro|dificuldade-login|Carrosel Vertical|Não recebo SMS|title
d-menu-cadastro|dificuldade-login|Carrosel Vertical|Senha bloqueada|title
d-menu-cadastro|dificuldade-login|Carrosel Vertical|Esqueci minha senha|title
d-menu-cadastro|dificuldade-login|Carrosel Vertical|Cadastro de email errado|title
d-menu-cadastro|dificuldade-login|Carrosel Vertical|Voltar|title
d-menu-cadastro|dificuldade-login|Carrosel Vertical|Outros|title
d-menu-cadastro|login-problematxt|Lógica|Esqueci minha senha|title
d-menu-cadastro|login-problematxt|Lógica|Senha bloqueada|title
d-menu-cadastro|login-problematxt|Lógica|Cadastro de email errado|title
d-menu-cadastro|login-problematxt|Lógica|Não recebo SMS|title
d-menu-cadastro|login-problematxt|Lógica||title
d-menu-cadastro|outros-alteracao-copy-1|Lógica|Saída|title
final-sessao|final-transc-api|Lógica|OK|title
final-sessao|final-transc-api|Lógica|N-OK|title
final-sessao|verifica-livechat|Lógica|Foi Atendido|title
final-sessao|verifica-livechat|Lógica|Sem Livechat|title
final-sessao|verifica-livechat|Lógica|Sessão ja finalizada|title
final-sessao|msg-final|Mensagem|Seu atendimento foi encerrado.. Se precisar de mais alguma coisa é só me pedir.|message
final-sessao|msg-final|Mensagem|Saída|title
final-sessao|erro-conversation|Mensagem|Erro ao buscar histórico...|message
final-sessao|erro-conversation|Mensagem|Saída|title
final-sessao|bloco-final|Pergunta||message
final-sessao|bloco-final|Pergunta|Saída|title
final-sessao|bloco-final|Pergunta|Outros|title
final-sessao|regra-final|Lógica|Finaliza|title
final-sessao|regra-final|Lógica|Busca User|title
final-sessao|regra-final|Lógica|Inicia Sessão|title
final-sessao|regra-final|Lógica|Saída Normal|title
final-sessao|erro-conversation-copy-4|Mensagem||message
final-sessao|erro-conversation-copy-4|Mensagem|Saída|title
final-sessao|msg-final-1|Mensagem|Prontinho, foi um prazer te ajudar. Se precisar de novo, só me dizer olá.|message
final-sessao|msg-final-1|Mensagem|Saída|title
final-sessao|inicia-transcr|Mensagem|Só um momento, vou iniciar uma nova sessão...|message
final-sessao|inicia-transcr|Mensagem|Saída|title
final-sessao|inicia-transcr-copy-5|Mensagem|Sessão finalizada...|message
final-sessao|inicia-transcr-copy-5|Mensagem|Saída|title
final-sessao|final-transc-erro|Lógica|OK|title
final-sessao|limpa-vars|Lógica|segue|title
final-sessao|push-final|Lógica|Saída|title
